model,pk,room_yearlyPrice,roomArea,inspection_price,kitchen,wardrobe,airCondition,flatscreenTV,cleaner,noOfWindows,bathtube,roomAreaUnit,date_added,noOfTenantPermitted,taken,last_edited,compoundId,roomType
Spaces.Room,1,13300000,7420,7420,1,1,0,0,0,2,0,sqr meter,2013-09-22T00:00:00Z,4,0,2016-10-24T00:00:25Z,19,single room
Spaces.Room,2,12250000,8960,8960,0,1,0,0,0,4,0,sqr meter,2015-04-03T00:00:00Z,4,0,2016-10-24T00:00:25Z,45,single room
Spaces.Room,3,12250000,9960,9960,1,0,0,1,0,2,0,sqr meter,2014-05-13T00:00:00Z,3,0,2016-10-24T00:00:25Z,84,boys quarter
Spaces.Room,4,12215000,7500,7500,1,1,0,1,0,2,0,sqr meter,2013-10-27T00:00:00Z,4,0,2016-10-24T00:00:25Z,3,single room
Spaces.Room,5,11410000,7420,7420,0,1,1,1,0,1,0,sqr meter,2015-03-05T00:00:00Z,4,0,2016-10-24T00:00:25Z,30,self-contained
Spaces.Room,6,10850000,7500,7500,1,1,0,1,0,3,0,sqr meter,2015-04-05T00:00:00Z,3,0,2016-10-24T00:00:25Z,71,boys quarter
Spaces.Room,7,10150000,8580,8580,1,1,0,0,0,3,0,sqr meter,2014-06-10T00:00:00Z,4,0,2016-10-24T00:00:25Z,4,self-contained
Spaces.Room,8,10150000,16200,16200,0,0,0,0,0,3,0,sqr meter,2015-05-14T00:00:00Z,5,0,2016-10-24T00:00:25Z,17,boys quarter
Spaces.Room,9,9870000,8100,8100,1,1,1,1,0,1,0,sqr meter,2015-09-14T00:00:00Z,4,0,2016-10-24T00:00:25Z,38,boys quarter
Spaces.Room,10,9800000,5750,5750,1,1,1,0,0,2,0,sqr meter,2015-05-16T00:00:00Z,3,0,2016-10-24T00:00:25Z,34,self-contained
Spaces.Room,11,9800000,13200,13200,1,1,0,1,0,1,0,sqr meter,2015-04-30T00:00:00Z,3,0,2016-10-24T00:00:25Z,1,self-contained
Spaces.Room,12,9681000,6000,6000,0,0,1,1,1,3,1,sqr feet,2015-08-02T00:00:00Z,4,1,2016-10-24T00:00:25Z,7,single room
Spaces.Room,13,9310000,6550,6550,1,1,0,0,0,2,0,sqr meter,2016-05-24T00:00:00Z,4,0,2016-10-24T00:00:25Z,17,single room
Spaces.Room,14,9240000,3500,3500,0,0,0,0,1,2,1,sqr feet,2016-06-07T00:00:00Z,4,1,2016-10-24T00:00:25Z,19,single room
Spaces.Room,15,9240000,7800,7800,1,0,0,0,0,2,0,sqr meter,2015-09-09T00:00:00Z,3,0,2016-10-24T00:00:25Z,95,boys quarter
Spaces.Room,16,9100000,6000,6000,0,0,0,1,0,1,0,sqr meter,2014-04-01T00:00:00Z,4,0,2016-10-24T00:00:25Z,10,boys quarter
Spaces.Room,17,9100000,6600,6600,1,1,1,1,0,2,0,sqr meter,2015-06-05T00:00:00Z,4,0,2016-10-24T00:00:25Z,22,boys quarter
Spaces.Room,18,8960000,8500,8500,0,1,0,0,0,2,0,sqr meter,2015-04-01T00:00:00Z,3,0,2016-10-24T00:00:25Z,40,self-contained
Spaces.Room,19,8890000,4600,4600,0,1,1,0,0,2,0,sqr meter,2015-08-12T00:00:00Z,3,0,2016-10-24T00:00:25Z,34,boys quarter
Spaces.Room,20,8855000,6420,6420,1,1,0,0,0,2,0,sqr meter,2014-05-23T00:00:00Z,3,0,2016-10-24T00:00:25Z,47,single room
Spaces.Room,21,8750000,4320,4320,0,0,0,1,1,1,1,sqr feet,2015-07-02T00:00:00Z,3,1,2016-10-24T00:00:25Z,31,self-contained
Spaces.Room,22,8680000,7155,7155,0,1,1,1,0,2,0,sqr meter,2015-04-11T00:00:00Z,3,0,2016-10-24T00:00:25Z,13,single room
Spaces.Room,23,8645000,8050,8050,0,1,1,1,0,1,0,sqr meter,2015-04-06T00:00:00Z,3,0,2016-10-24T00:00:25Z,76,self-contained
Spaces.Room,24,8645000,4560,4560,0,1,1,1,0,2,0,sqr meter,2015-07-14T00:00:00Z,3,0,2016-10-24T00:00:25Z,94,self-contained
Spaces.Room,25,8575000,8800,8800,0,1,0,0,0,2,0,sqr meter,2015-04-20T00:00:00Z,3,0,2016-10-24T00:00:25Z,99,self-contained
Spaces.Room,26,8540000,6540,6540,1,1,1,1,0,2,0,sqr meter,2014-09-30T00:00:00Z,4,0,2016-10-24T00:00:25Z,58,boys quarter
Spaces.Room,27,8463000,6000,6000,1,1,1,1,0,2,0,sqr meter,2015-08-04T00:00:00Z,3,0,2016-10-24T00:00:25Z,6,self-contained
Spaces.Room,28,8400000,8875,8875,0,0,0,0,0,1,0,sqr meter,2015-04-10T00:00:00Z,3,0,2016-10-24T00:00:25Z,97,boys quarter
Spaces.Room,29,8400000,7950,7950,0,0,0,1,1,2,1,sqr feet,2015-05-06T00:00:00Z,5,1,2016-10-24T00:00:25Z,65,single room
Spaces.Room,30,8400000,5500,5500,1,1,0,1,0,2,0,sqr meter,2016-05-16T00:00:00Z,4,0,2016-10-24T00:00:25Z,20,self-contained
Spaces.Room,31,8400000,7475,7475,0,1,0,0,0,2,0,sqr meter,2014-04-29T00:00:00Z,3,0,2016-10-24T00:00:25Z,1,self-contained
Spaces.Room,32,8400000,7000,7000,0,1,0,0,0,1,0,sqr meter,2015-05-24T00:00:00Z,3,0,2016-10-24T00:00:25Z,1,single room
Spaces.Room,33,8295000,4880,4880,1,1,0,0,0,2,0,sqr meter,2014-10-06T00:00:00Z,4,0,2016-10-24T00:00:25Z,70,self-contained
Spaces.Room,34,8190000,5960,5960,0,0,1,1,0,3,0,sqr meter,2014-06-05T00:00:00Z,3,0,2016-10-24T00:00:25Z,97,single room
Spaces.Room,35,8120000,6840,6840,0,1,1,1,0,1,0,sqr meter,2015-10-10T00:00:00Z,5,0,2016-10-24T00:00:25Z,27,self-contained
Spaces.Room,36,8080940,7000,7000,0,1,0,0,0,2,0,sqr meter,2015-04-12T00:00:00Z,3,0,2016-10-24T00:00:25Z,18,boys quarter
Spaces.Room,37,8043000,7482,7482,1,0,0,0,1,2,1,sqr feet,2015-08-18T00:00:00Z,3,1,2016-10-24T00:00:25Z,46,boys quarter
Spaces.Room,38,7980000,9000,9000,0,1,0,0,0,2,0,sqr meter,2015-08-24T00:00:00Z,4,0,2016-10-24T00:00:25Z,89,boys quarter
Spaces.Room,39,7962500,6000,6000,0,1,1,0,0,1,0,sqr meter,2015-06-30T00:00:00Z,3,0,2016-10-24T00:00:25Z,17,boys quarter
Spaces.Room,40,7910000,6000,6000,0,1,0,0,0,2,0,sqr meter,2015-04-09T00:00:00Z,4,0,2016-10-24T00:00:25Z,96,boys quarter
Spaces.Room,41,7875000,6550,6550,1,1,0,1,0,1,0,sqr meter,2015-06-27T00:00:00Z,3,0,2016-10-24T00:00:25Z,93,boys quarter
Spaces.Room,42,7840000,6360,6360,1,1,0,0,0,2,0,sqr meter,2015-07-14T00:00:00Z,3,0,2016-10-24T00:00:25Z,84,self-contained
Spaces.Room,43,7700000,6480,6480,0,1,0,0,0,2,0,sqr meter,2015-05-07T00:00:00Z,3,0,2016-10-24T00:00:25Z,48,boys quarter
Spaces.Room,44,7700000,6000,6000,0,0,0,0,0,2,0,sqr meter,2014-10-15T00:00:00Z,4,0,2016-10-24T00:00:25Z,66,boys quarter
Spaces.Room,45,7560000,6000,6000,0,1,0,0,0,2,0,sqr meter,2014-09-27T00:00:00Z,4,0,2016-10-24T00:00:25Z,86,self-contained
Spaces.Room,46,7560000,6000,6000,0,1,0,0,0,2,0,sqr meter,2015-02-12T00:00:00Z,3,0,2016-10-24T00:00:25Z,43,single room
Spaces.Room,47,7525000,6000,6000,0,1,0,0,0,2,0,sqr meter,2015-03-30T00:00:00Z,3,0,2016-10-24T00:00:25Z,3,boys quarter
Spaces.Room,48,7490000,6600,6600,1,1,0,0,0,1,0,sqr meter,2013-10-27T00:00:00Z,3,0,2016-10-24T00:00:25Z,38,single room
Spaces.Room,49,7455000,4300,4300,0,0,0,1,0,2,0,sqr meter,2014-04-22T00:00:00Z,3,0,2016-10-24T00:00:25Z,67,self-contained
Spaces.Room,50,7420000,7440,7440,1,1,1,1,0,2,0,sqr meter,2016-09-30T00:00:00Z,3,0,2016-10-24T00:00:25Z,67,boys quarter
Spaces.Room,51,7420000,7440,7440,1,0,0,0,0,2,0,sqr meter,2016-10-14T00:00:00Z,3,0,2016-10-24T00:00:25Z,26,self-contained
Spaces.Room,52,7420000,6325,6325,0,1,0,0,0,1,0,sqr meter,2016-06-22T00:00:00Z,3,0,2016-10-24T00:00:25Z,21,single room
Spaces.Room,53,7350000,6000,6000,0,1,1,0,0,2,0,sqr meter,2016-08-09T00:00:00Z,4,0,2016-10-24T00:00:25Z,92,self-contained
Spaces.Room,54,7350000,5150,5150,0,1,0,0,0,2,0,sqr meter,2016-09-16T00:00:00Z,3,0,2016-10-24T00:00:25Z,53,self-contained
Spaces.Room,55,7350000,6000,6000,0,1,1,0,0,2,0,sqr meter,2013-07-23T00:00:00Z,3,0,2016-10-24T00:00:25Z,31,boys quarter
Spaces.Room,56,7350000,6000,6000,0,1,0,0,0,1,0,sqr meter,2016-10-06T00:00:00Z,3,0,2016-10-24T00:00:25Z,10,single room
Spaces.Room,57,7343000,11440,11440,1,0,0,1,0,1,0,sqr meter,2013-07-18T00:00:00Z,4,0,2016-10-24T00:00:25Z,19,self-contained
Spaces.Room,58,7245000,9000,9000,1,1,1,0,0,2,0,sqr meter,2013-07-23T00:00:00Z,4,0,2016-04-06T13:03:08Z,89,single room
Spaces.Room,59,7210000,7680,7680,0,1,1,0,0,2,0,sqr meter,2013-07-23T00:00:00Z,4,0,2016-05-06T14:12:01Z,39,single room
Spaces.Room,60,7210000,6000,6000,0,1,1,0,0,2,0,sqr meter,2013-07-23T00:00:00Z,3,0,2016-05-07T01:34:14Z,10,single room
Spaces.Room,61,7140000,6000,6000,0,0,1,0,0,2,0,sqr meter,2016-02-19T00:00:00Z,3,0,2015-10-21T17:46:10Z,60,self-contained
Spaces.Room,62,7070000,8880,8880,0,1,0,0,0,1,0,sqr meter,2016-06-25T00:00:00Z,2,0,2015-10-21T17:46:10Z,52,self-contained
Spaces.Room,63,7070000,6240,6240,0,1,0,0,0,2,0,sqr meter,2016-08-01T00:00:00Z,4,0,2015-10-21T17:46:10Z,93,single room
Spaces.Room,64,7035000,6360,6360,1,1,0,0,0,2,0,sqr meter,2016-06-08T00:00:00Z,4,0,2015-10-21T17:46:10Z,3,self-contained
Spaces.Room,65,7000000,11175,11175,1,1,0,1,0,1,0,sqr meter,2016-03-17T00:00:00Z,3,0,2015-10-21T17:46:10Z,3,self-contained
Spaces.Room,66,6930000,8880,8880,0,1,0,1,0,2,0,sqr meter,2016-06-08T00:00:00Z,3,0,2015-10-21T17:46:10Z,59,boys quarter
Spaces.Room,67,6930000,13200,13200,0,0,0,1,1,1,1,sqr feet,2016-03-14T00:00:00Z,2,1,2015-10-21T17:46:10Z,72,boys quarter
Spaces.Room,68,6895000,7700,7700,0,0,0,0,0,2,0,sqr meter,2016-06-22T00:00:00Z,3,0,2015-10-21T17:46:10Z,8,single room
Spaces.Room,69,6860000,6000,6000,0,1,0,0,0,1,0,sqr meter,2016-03-06T00:00:00Z,3,0,2015-10-21T17:46:10Z,95,self-contained
Spaces.Room,70,6790000,12090,12090,1,0,0,0,0,2,0,sqr meter,2016-03-06T00:00:00Z,4,0,2015-10-21T17:46:10Z,64,self-contained
Spaces.Room,71,6790000,4000,4000,1,1,0,1,0,2,0,sqr meter,2016-06-09T00:00:00Z,3,0,2015-10-21T17:46:10Z,10,single room
Spaces.Room,72,6755000,6000,6000,0,1,0,0,0,2,0,sqr meter,2016-03-25T00:00:00Z,4,0,2015-10-21T17:46:10Z,32,self-contained
Spaces.Room,73,6720000,5020,5020,1,1,0,0,0,1,0,sqr meter,2016-03-17T00:00:00Z,3,0,2015-10-21T17:46:10Z,71,single room
Spaces.Room,74,6685000,6600,6600,1,0,0,1,0,2,0,sqr meter,2016-07-25T00:00:00Z,2,0,2015-10-21T17:46:10Z,68,single room
Spaces.Room,75,6650000,4040,4040,0,0,0,1,1,1,1,sqr feet,2016-03-12T00:00:00Z,3,1,2015-10-21T17:46:10Z,46,self-contained
Spaces.Room,76,6650000,4260,4260,0,0,0,0,1,2,1,sqr feet,2016-06-15T00:00:00Z,4,1,2015-10-21T17:46:10Z,88,self-contained
Spaces.Room,77,6650000,6420,6420,1,1,0,0,0,2,0,sqr meter,2016-03-21T00:00:00Z,3,0,2015-10-21T17:46:10Z,26,boys quarter
Spaces.Room,78,6650000,6500,6500,1,1,0,0,0,2,0,sqr meter,2016-03-19T00:00:00Z,3,0,2015-10-21T17:46:10Z,24,single room
Spaces.Room,79,6650000,5700,5700,1,1,1,1,0,1,0,sqr meter,2016-07-12T00:00:00Z,3,0,2015-10-21T17:46:10Z,32,boys quarter
Spaces.Room,80,6650000,6000,6000,0,1,1,0,0,2,0,sqr meter,2016-07-12T00:00:00Z,3,0,2015-10-21T17:46:10Z,51,self-contained
Spaces.Room,81,6629000,6000,6000,1,0,0,0,1,1,1,sqr feet,2016-06-21T00:00:00Z,3,1,2015-10-21T17:46:10Z,8,boys quarter
Spaces.Room,82,6615000,4000,4000,0,1,0,1,0,2,0,sqr meter,2016-03-19T00:00:00Z,3,0,2016-07-18T19:19:30Z,66,self-contained
Spaces.Room,83,6615000,10500,10500,1,1,0,1,0,2,0,sqr meter,2015-08-24T00:00:00Z,3,0,2016-07-18T19:19:30Z,2,single room
Spaces.Room,84,6580000,6000,6000,0,1,0,0,0,2,0,sqr meter,2016-06-26T00:00:00Z,3,0,2016-07-18T19:19:30Z,48,boys quarter
Spaces.Room,85,6510000,3760,3760,0,0,0,0,1,1,1,sqr feet,2015-11-30T00:00:00Z,3,1,2016-07-18T19:19:30Z,9,single room
Spaces.Room,86,6510000,8250,8250,0,1,0,0,0,2,0,sqr meter,2016-05-31T00:00:00Z,3,0,2016-07-18T19:19:30Z,98,self-contained
Spaces.Room,87,6510000,6670,6670,1,0,0,1,0,1,0,sqr meter,2015-12-29T00:00:00Z,3,0,2016-07-18T19:19:30Z,6,boys quarter
Spaces.Room,88,6475000,3960,3960,0,0,0,1,0,1,0,sqr meter,2016-06-20T00:00:00Z,3,0,2016-07-18T19:19:30Z,56,single room
Spaces.Room,89,6475000,7410,7410,1,1,1,1,0,1,0,sqr meter,2015-05-15T00:00:00Z,3,0,2016-07-18T19:19:30Z,7,boys quarter
Spaces.Room,90,6440000,8580,8580,0,0,0,0,0,3,0,sqr meter,2015-10-22T00:00:00Z,5,0,2016-07-18T19:19:30Z,23,self-contained
Spaces.Room,91,6440000,5000,5000,0,1,0,0,0,1,0,sqr meter,2015-06-08T00:00:00Z,3,0,2016-07-18T19:19:30Z,36,self-contained
Spaces.Room,92,6419000,6750,6750,1,0,1,1,0,1,0,sqr meter,2015-05-02T00:00:00Z,2,0,2016-07-18T19:19:30Z,94,self-contained
Spaces.Room,93,6405000,4800,4800,0,1,1,0,0,2,0,sqr meter,2015-06-03T00:00:00Z,3,0,2016-07-18T19:19:30Z,82,self-contained
Spaces.Room,94,6300000,7200,7200,0,1,0,1,0,2,0,sqr meter,2016-05-31T00:00:00Z,3,0,2016-07-18T19:19:30Z,11,self-contained
Spaces.Room,95,6300000,6000,6000,0,0,0,0,0,2,0,sqr meter,2015-05-19T00:00:00Z,4,0,2016-07-18T19:19:30Z,10,single room
Spaces.Room,96,6300000,4100,4100,0,1,0,0,0,2,0,sqr meter,2016-06-04T00:00:00Z,3,0,2016-07-18T19:19:30Z,23,single room
Spaces.Room,97,6300000,9000,9000,1,0,0,1,0,1,0,sqr meter,2009-04-06T00:00:00Z,3,0,2016-10-19T08:18:37Z,17,boys quarter
Spaces.Room,98,6300000,6400,6400,1,1,1,1,0,1,0,sqr meter,2016-05-31T00:00:00Z,3,0,2016-06-16T21:25:59Z,55,self-contained
Spaces.Room,99,6293000,6600,6600,1,1,0,0,0,2,0,sqr meter,2016-05-31T00:00:00Z,3,0,2016-06-16T21:25:59Z,58,boys quarter
Spaces.Room,100,6265000,6000,6000,1,0,1,1,0,1,0,sqr meter,2015-04-17T00:00:00Z,4,0,2016-10-29T19:31:27Z,36,boys quarter
Spaces.Room,101,6230000,6600,6600,1,1,0,1,0,2,0,sqr meter,2015-12-23T00:00:00Z,3,0,2016-10-29T19:31:27Z,36,boys quarter
Spaces.Room,102,6230000,5500,5500,1,0,0,0,0,1,0,sqr meter,2015-02-06T00:00:00Z,3,0,2016-10-29T19:31:27Z,77,boys quarter
Spaces.Room,103,6195000,5500,5500,0,1,1,0,0,2,0,sqr meter,2016-03-12T00:00:00Z,3,0,2016-10-29T19:31:27Z,23,single room
Spaces.Room,104,6195000,6350,6350,0,1,1,0,0,2,0,sqr meter,2016-04-02T00:00:00Z,3,0,2016-10-29T19:31:27Z,5,single room
Spaces.Room,105,6195000,5500,5500,1,0,1,1,0,2,0,sqr meter,2016-02-05T00:00:00Z,3,0,2016-10-29T19:31:27Z,59,single room
Spaces.Room,106,6160000,4500,4500,0,1,0,0,0,1,0,sqr meter,2016-06-12T00:00:00Z,3,0,2016-10-29T19:31:27Z,48,self-contained
Spaces.Room,107,6160000,5450,5450,1,1,0,1,0,2,0,sqr meter,2016-02-20T00:00:00Z,4,0,2016-10-29T19:31:27Z,4,boys quarter
Spaces.Room,108,6125000,6420,6420,1,0,0,1,0,1,0,sqr meter,2015-04-18T00:00:00Z,3,0,2016-10-29T19:31:27Z,26,single room
Spaces.Room,109,6107500,3240,3240,0,0,0,0,0,1,0,sqr meter,2016-03-25T00:00:00Z,4,0,2016-10-29T19:31:27Z,82,boys quarter
Spaces.Room,110,6090000,6615,6615,0,0,1,0,1,2,1,sqr feet,2015-05-18T00:00:00Z,4,1,2016-10-29T19:31:27Z,40,self-contained
Spaces.Room,111,6090000,6600,6600,1,0,1,1,0,1,0,sqr meter,2015-06-05T00:00:00Z,3,0,2016-10-29T19:31:27Z,20,self-contained
Spaces.Room,112,6090000,8372,8372,0,1,0,0,0,1,0,sqr meter,2015-09-21T00:00:00Z,3,0,2016-10-29T19:31:27Z,91,self-contained
Spaces.Room,113,6083000,4300,4300,0,0,0,0,0,2,0,sqr meter,2016-02-28T00:00:00Z,6,0,2016-10-29T19:31:27Z,25,boys quarter
Spaces.Room,114,6083000,9620,9620,1,0,0,1,0,1,0,sqr meter,2015-06-11T00:00:00Z,3,0,2016-10-29T19:31:27Z,72,boys quarter
Spaces.Room,115,6020000,6800,6800,0,0,1,1,0,1,0,sqr meter,2015-03-17T00:00:00Z,2,0,2016-10-29T19:31:27Z,36,self-contained
Spaces.Room,116,6020000,8000,8000,1,1,1,1,0,1,0,sqr meter,2015-06-20T00:00:00Z,3,0,2016-10-29T19:31:27Z,45,self-contained
Spaces.Room,117,6020000,6900,6900,1,0,1,1,0,2,0,sqr meter,2016-05-01T00:00:00Z,3,0,2016-10-29T19:31:27Z,29,boys quarter
Spaces.Room,118,5950000,3700,3700,0,1,1,0,0,1,0,sqr meter,2016-06-14T00:00:00Z,4,0,2016-10-29T19:31:27Z,92,boys quarter
Spaces.Room,119,5950000,6420,6420,1,1,0,1,0,1,0,sqr meter,2015-08-05T00:00:00Z,3,0,2016-10-29T19:31:27Z,14,boys quarter
Spaces.Room,120,5950000,7020,7020,1,1,0,1,0,1,0,sqr meter,2015-03-21T00:00:00Z,3,0,2016-10-29T19:31:27Z,51,self-contained
Spaces.Room,121,5950000,6540,6540,1,0,1,1,0,1,0,sqr meter,2015-12-25T00:00:00Z,3,0,2016-10-29T19:31:27Z,67,single room
Spaces.Room,122,5950000,7231,7231,1,1,1,1,0,1,0,sqr meter,2015-05-27T00:00:00Z,3,0,2016-10-29T19:31:27Z,10,self-contained
Spaces.Room,123,5950000,6254,6254,1,0,0,1,0,2,0,sqr meter,2016-03-25T00:00:00Z,4,0,2016-10-29T19:31:27Z,30,boys quarter
Spaces.Room,124,5950000,7320,7320,0,0,0,0,0,2,0,sqr meter,2016-04-24T00:00:00Z,4,0,2016-10-29T19:31:27Z,55,boys quarter
Spaces.Room,125,5950000,6525,6525,0,0,0,0,0,2,0,sqr meter,2015-10-05T00:00:00Z,3,0,2016-10-29T19:31:27Z,58,single room
Spaces.Room,126,5943000,15600,15600,0,1,0,0,0,1,0,sqr meter,2016-04-30T00:00:00Z,3,0,2016-10-29T19:31:27Z,53,self-contained
Spaces.Room,127,5880000,7160,7160,1,0,0,1,0,1,0,sqr meter,2015-06-12T00:00:00Z,3,0,2016-10-29T19:31:27Z,48,boys quarter
Spaces.Room,128,5880000,6500,6500,0,1,0,0,0,2,0,sqr meter,2015-02-14T00:00:00Z,3,0,2016-10-29T19:31:27Z,14,self-contained
Spaces.Room,129,5873000,5500,5500,0,1,1,0,0,1,0,sqr meter,2016-01-18T00:00:00Z,3,0,2016-10-29T19:31:27Z,39,boys quarter
Spaces.Room,130,5873000,11460,11460,1,0,0,0,0,1,0,sqr meter,2015-08-07T00:00:00Z,3,0,2016-10-29T19:31:27Z,33,self-contained
Spaces.Room,131,5866000,4800,4800,0,0,1,1,0,1,0,sqr meter,2015-09-19T00:00:00Z,3,0,2016-10-29T19:31:27Z,70,single room
Spaces.Room,132,5810000,5828,5828,0,0,1,0,0,1,0,sqr meter,2015-09-10T00:00:00Z,4,0,2016-10-29T19:31:27Z,1,single room
Spaces.Room,133,5810000,5200,5200,0,1,0,0,0,1,0,sqr meter,2015-12-25T00:00:00Z,3,0,2016-10-29T19:31:27Z,77,self-contained
Spaces.Room,134,5810000,4800,4800,0,1,0,0,0,1,0,sqr meter,2016-07-16T00:00:00Z,3,0,2016-10-29T19:31:27Z,48,self-contained
Spaces.Room,135,5803000,7000,7000,1,0,0,1,0,1,0,sqr meter,2015-02-21T00:00:00Z,3,0,2016-10-29T19:31:27Z,20,self-contained
Spaces.Room,136,5775000,6000,6000,0,1,0,0,0,2,0,sqr meter,2016-05-06T00:00:00Z,3,0,2016-10-29T19:31:27Z,52,single room
Spaces.Room,137,5740000,5400,5400,0,1,0,0,0,2,0,sqr meter,2016-01-04T00:00:00Z,4,0,2016-10-29T19:31:27Z,68,boys quarter
Spaces.Room,138,5740000,4640,4640,0,0,0,0,0,1,0,sqr meter,2015-03-22T00:00:00Z,4,0,2016-10-29T19:31:27Z,96,self-contained
Spaces.Room,139,5740000,5000,5000,0,1,0,0,0,1,0,sqr meter,2016-05-29T00:00:00Z,3,0,2016-10-29T19:31:27Z,45,self-contained
Spaces.Room,140,5740000,6360,6360,1,1,1,1,0,1,0,sqr meter,2016-01-23T00:00:00Z,3,0,2016-10-29T19:31:27Z,46,single room
Spaces.Room,141,5740000,5800,5800,0,1,0,0,0,2,0,sqr meter,2015-05-29T00:00:00Z,3,0,2016-10-29T19:31:27Z,93,boys quarter
Spaces.Room,142,5652500,6660,6660,1,0,1,1,0,2,0,sqr meter,2015-08-03T00:00:00Z,4,0,2016-10-29T19:31:27Z,50,self-contained
Spaces.Room,143,5600000,10500,10500,0,0,0,0,0,2,0,sqr meter,2015-06-18T00:00:00Z,4,0,2016-10-29T19:31:27Z,43,single room
Spaces.Room,144,5600000,4800,4800,0,0,0,1,1,2,1,sqr feet,2015-02-28T00:00:00Z,5,1,2016-10-29T19:31:27Z,83,single room
Spaces.Room,145,5600000,4700,4700,0,1,1,1,0,1,0,sqr meter,2015-09-07T00:00:00Z,4,0,2016-10-29T19:31:27Z,45,boys quarter
Spaces.Room,146,5600000,5000,5000,0,0,0,0,0,1,0,sqr meter,2016-07-16T00:00:00Z,3,0,2016-10-29T19:31:27Z,81,boys quarter
Spaces.Room,147,5600000,10500,10500,0,0,0,0,0,1,0,sqr meter,2016-05-27T00:00:00Z,2,0,2016-10-29T19:31:27Z,81,single room
Spaces.Room,148,5600000,5500,5500,0,0,0,0,0,2,0,sqr meter,2015-09-15T00:00:00Z,3,0,2016-10-29T19:31:27Z,60,boys quarter
Spaces.Room,149,5600000,6360,6360,1,0,0,0,0,1,0,sqr meter,2016-03-26T00:00:00Z,3,0,2016-10-29T19:31:27Z,42,single room
Spaces.Room,150,5600000,6600,6600,1,0,0,1,0,2,0,sqr meter,2016-09-17T00:00:00Z,4,0,2016-10-29T19:31:27Z,29,single room
Spaces.Room,151,5600000,5136,5136,1,1,1,1,0,1,0,sqr meter,2015-04-17T00:00:00Z,3,0,2016-10-29T19:31:27Z,61,self-contained
Spaces.Room,152,5565000,4400,4400,1,1,0,0,0,1,0,sqr meter,2015-05-02T00:00:00Z,4,0,2016-10-29T19:31:27Z,35,single room
Spaces.Room,153,5565000,5400,5400,1,1,1,1,0,1,0,sqr meter,2016-03-05T00:00:00Z,5,0,2016-10-29T19:31:27Z,87,boys quarter
Spaces.Room,154,5530000,3300,3300,0,0,0,1,0,3,0,sqr meter,2015-06-22T00:00:00Z,3,0,2016-10-29T19:31:27Z,29,boys quarter
Spaces.Room,155,5530000,3650,3650,0,0,0,0,0,2,0,sqr meter,2016-04-01T00:00:00Z,3,0,2016-10-29T19:31:27Z,19,self-contained
Spaces.Room,156,5530000,6100,6100,1,0,0,1,0,2,0,sqr meter,2015-07-11T00:00:00Z,3,0,2016-10-29T19:31:27Z,19,self-contained
Spaces.Room,157,5523000,6900,6900,1,0,1,1,0,1,0,sqr meter,2016-10-08T00:00:00Z,3,0,2016-10-29T19:31:27Z,12,self-contained
Spaces.Room,158,5495000,2817,2817,0,0,1,1,0,2,0,sqr meter,2016-08-13T00:00:00Z,4,0,2016-10-29T19:31:27Z,33,single room
Spaces.Room,159,5495000,7980,7980,0,0,0,0,0,1,0,sqr meter,2016-07-17T00:00:00Z,3,0,2016-10-29T19:31:27Z,59,self-contained
Spaces.Room,160,5460000,3150,3150,0,1,1,1,0,2,0,sqr meter,2015-09-22T00:00:00Z,3,0,2016-10-29T19:31:27Z,58,boys quarter
Spaces.Room,161,5460000,6210,6210,0,1,1,0,0,1,0,sqr meter,2015-07-02T00:00:00Z,4,0,2016-10-29T19:31:27Z,97,boys quarter
Spaces.Room,162,5460000,6100,6100,1,1,1,0,0,1,0,sqr meter,2015-07-10T00:00:00Z,3,0,2016-10-29T19:31:27Z,55,self-contained
Spaces.Room,163,5460000,6600,6600,1,0,1,1,0,2,0,sqr meter,2015-08-11T00:00:00Z,4,0,2016-10-29T19:31:27Z,83,self-contained
Spaces.Room,164,5425000,6825,6825,1,1,1,1,0,1,0,sqr meter,2016-03-25T00:00:00Z,3,0,2016-10-29T19:31:27Z,71,single room
Spaces.Room,165,5390000,6710,6710,1,0,1,1,0,2,0,sqr meter,2015-08-26T00:00:00Z,3,0,2016-10-29T19:31:27Z,20,single room
Spaces.Room,166,5383000,6450,6450,0,0,1,1,1,2,1,sqr feet,2016-06-11T00:00:00Z,3,1,2016-10-29T19:31:27Z,87,boys quarter
Spaces.Room,167,5320000,7800,7800,1,1,0,1,0,1,0,sqr meter,2015-08-17T00:00:00Z,3,0,2016-10-29T19:31:27Z,48,self-contained
Spaces.Room,168,5285000,4600,4600,0,1,0,0,0,2,0,sqr meter,2016-08-07T00:00:00Z,2,0,2016-10-29T19:31:27Z,88,boys quarter
Spaces.Room,169,5250000,4260,4260,0,1,0,1,0,1,0,sqr meter,2015-07-10T00:00:00Z,4,0,2016-10-29T19:31:27Z,92,self-contained
Spaces.Room,170,5250000,6540,6540,0,1,0,0,0,2,0,sqr meter,2015-10-12T00:00:00Z,4,0,2016-10-29T19:31:27Z,51,boys quarter
Spaces.Room,171,5250000,5500,5500,0,0,0,1,0,2,0,sqr meter,2015-08-25T00:00:00Z,3,0,2016-10-29T19:31:27Z,78,single room
Spaces.Room,172,5250000,10269,10269,1,0,0,0,0,1,0,sqr meter,2016-09-01T00:00:00Z,3,0,2016-10-29T19:31:27Z,69,self-contained
Spaces.Room,173,5250000,8400,8400,1,1,1,1,0,1,0,sqr meter,2015-06-21T00:00:00Z,3,0,2016-10-29T19:31:27Z,71,boys quarter
Spaces.Room,174,5250000,5300,5300,1,1,0,0,0,2,0,sqr meter,2015-08-27T00:00:00Z,4,0,2016-10-29T19:31:27Z,24,single room
Spaces.Room,175,5250000,3800,3800,1,0,1,1,0,1,0,sqr meter,2015-07-13T00:00:00Z,3,0,2016-10-29T19:31:27Z,4,boys quarter
Spaces.Room,176,5250000,9800,9800,0,0,1,0,0,2,0,sqr meter,2015-07-22T00:00:00Z,4,0,2016-10-29T19:31:27Z,70,boys quarter
Spaces.Room,177,5250000,8520,8520,0,1,0,0,0,1,0,sqr meter,2015-09-28T00:00:00Z,3,0,2016-10-29T19:31:27Z,46,single room
Spaces.Room,178,5243000,6050,6050,1,0,0,1,0,1,0,sqr meter,2015-10-03T00:00:00Z,3,0,2016-10-29T19:31:27Z,52,single room
Spaces.Room,179,5229000,7085,7085,1,0,1,1,0,1,0,sqr meter,2015-08-20T00:00:00Z,3,0,2016-10-29T19:31:27Z,87,self-contained
Spaces.Room,180,5215000,3180,3180,0,0,0,0,0,2,0,sqr meter,2016-08-04T00:00:00Z,3,0,2016-10-29T19:31:27Z,62,self-contained
Spaces.Room,181,5215000,4500,4500,0,1,0,1,0,2,0,sqr meter,2015-07-29T00:00:00Z,4,0,2016-10-29T19:31:27Z,55,boys quarter
Spaces.Room,182,5215000,7200,7200,1,0,1,1,0,1,0,sqr meter,2015-08-18T00:00:00Z,3,0,2016-10-29T19:31:27Z,34,self-contained
Spaces.Room,183,5145000,3410,3410,0,1,0,0,0,1,0,sqr meter,2015-06-30T00:00:00Z,3,0,2016-10-29T19:31:27Z,65,boys quarter
Spaces.Room,184,5145000,7980,7980,1,0,0,0,0,1,0,sqr meter,2015-08-19T00:00:00Z,3,0,2016-10-29T19:31:27Z,30,single room
Spaces.Room,185,5110000,3000,3000,0,0,1,1,0,2,0,sqr meter,2015-10-15T00:00:00Z,3,0,2016-11-03T15:09:03Z,69,single room
Spaces.Room,186,5110000,3000,3000,0,0,0,1,0,1,0,sqr meter,2014-10-26T00:00:00Z,3,0,2016-11-03T15:09:03Z,100,single room
Spaces.Room,187,5110000,11410,11410,1,0,0,0,0,1,0,sqr meter,2015-05-20T00:00:00Z,2,0,2016-11-03T15:09:03Z,54,single room
Spaces.Room,188,5110000,6100,6100,1,1,0,1,0,1,0,sqr meter,2014-01-04T00:00:00Z,3,0,2016-11-03T15:09:03Z,58,self-contained
Spaces.Room,189,5075000,5720,5720,1,1,0,0,0,1,0,sqr meter,2014-01-03T00:00:00Z,2,0,2016-11-03T15:09:03Z,82,boys quarter
Spaces.Room,190,5040000,3540,3540,0,0,1,1,0,1,0,sqr meter,2015-09-19T00:00:00Z,2,0,2016-11-03T15:09:03Z,36,boys quarter
Spaces.Room,191,5040000,7600,7600,0,1,0,0,0,1,0,sqr meter,2016-10-10T00:00:00Z,4,0,2016-11-03T15:09:03Z,40,boys quarter
Spaces.Room,192,5040000,10700,10700,0,0,1,1,0,1,0,sqr meter,2014-07-25T00:00:00Z,3,0,2016-11-03T15:09:03Z,1,self-contained
Spaces.Room,193,5040000,6600,6600,1,0,1,1,0,1,0,sqr meter,2016-02-25T00:00:00Z,3,0,2016-11-03T15:09:03Z,24,boys quarter
Spaces.Room,194,5033000,4800,4800,0,0,1,1,0,1,0,sqr meter,2014-02-05T00:00:00Z,2,0,2016-11-03T15:09:03Z,77,boys quarter
Spaces.Room,195,5005000,8150,8150,0,0,1,1,0,2,0,sqr meter,2013-10-25T00:00:00Z,3,0,2016-11-03T15:09:03Z,83,single room
Spaces.Room,196,4970000,4410,4410,0,0,0,1,0,3,0,sqr meter,2013-10-16T00:00:00Z,4,0,2016-11-03T15:09:03Z,90,single room
Spaces.Room,197,4970000,7686,7686,0,0,1,1,1,1,1,sqr feet,2014-11-03T00:00:00Z,3,1,2016-11-03T15:09:03Z,18,boys quarter
Spaces.Room,198,4956000,2800,2800,0,1,0,1,0,2,0,sqr meter,2014-11-12T00:00:00Z,3,0,2016-11-03T15:09:03Z,17,boys quarter
Spaces.Room,199,4935000,5948,5948,0,1,0,0,0,1,0,sqr meter,2016-05-28T00:00:00Z,3,0,2016-11-03T15:09:03Z,9,self-contained
Spaces.Room,200,4907000,4200,4200,0,0,0,0,0,1,0,sqr meter,2014-10-10T00:00:00Z,3,0,2016-11-03T15:09:03Z,43,boys quarter
Spaces.Room,201,4900000,4520,4520,0,1,0,1,0,1,0,sqr meter,2015-03-02T00:00:00Z,3,0,2016-11-03T15:09:03Z,10,boys quarter
Spaces.Room,202,4900000,4095,4095,0,1,1,1,0,1,0,sqr meter,2014-07-31T00:00:00Z,3,0,2016-11-03T15:09:03Z,80,self-contained
Spaces.Room,203,4900000,4120,4120,0,0,0,1,0,1,0,sqr meter,2013-08-19T00:00:00Z,2,0,2016-11-03T15:09:03Z,43,single room
Spaces.Room,204,4900000,5400,5400,0,0,0,0,0,1,0,sqr meter,2015-04-25T00:00:00Z,4,0,2016-11-03T15:09:03Z,16,single room
Spaces.Room,205,4900000,4770,4770,0,0,1,1,0,1,0,sqr meter,2016-06-29T00:00:00Z,3,0,2016-11-03T15:09:03Z,46,self-contained
Spaces.Room,206,4900000,6300,6300,0,1,0,0,0,1,0,sqr meter,2014-08-30T00:00:00Z,3,0,2016-11-03T15:09:03Z,10,self-contained
Spaces.Room,207,4900000,5800,5800,0,1,1,1,0,1,0,sqr meter,2013-11-30T00:00:00Z,2,0,2016-11-03T15:09:03Z,68,self-contained
Spaces.Room,208,4900000,3000,3000,0,1,0,1,0,1,0,sqr meter,2013-08-10T00:00:00Z,3,0,2016-11-03T15:09:03Z,5,single room
Spaces.Room,209,4900000,2970,2970,0,0,0,0,0,1,0,sqr meter,2015-03-28T00:00:00Z,3,0,2016-11-03T15:09:03Z,99,self-contained
Spaces.Room,210,4900000,6720,6720,0,0,0,0,0,1,0,sqr meter,2014-08-01T00:00:00Z,3,0,2016-11-03T15:09:03Z,68,self-contained
Spaces.Room,211,4900000,4646,4646,0,0,1,1,0,1,0,sqr meter,2015-04-25T00:00:00Z,3,0,2016-11-03T15:09:03Z,5,single room
Spaces.Room,212,4900000,12900,12900,0,0,0,0,0,1,0,sqr meter,2014-03-20T00:00:00Z,3,0,2016-11-03T15:09:03Z,27,self-contained
Spaces.Room,213,4893000,3420,3420,0,1,0,1,0,2,0,sqr meter,2014-05-16T00:00:00Z,4,0,2016-11-03T15:09:03Z,81,self-contained
Spaces.Room,214,4893000,4995,4995,0,0,0,1,0,2,0,sqr meter,2014-08-23T00:00:00Z,4,0,2016-11-03T15:09:03Z,9,self-contained
Spaces.Room,215,4865000,4350,4350,0,0,0,1,0,1,0,sqr meter,2014-04-05T00:00:00Z,2,0,2016-11-03T15:09:03Z,68,self-contained
Spaces.Room,216,4830000,4160,4160,0,0,0,0,0,1,0,sqr meter,2015-10-17T00:00:00Z,3,0,2016-11-03T15:09:03Z,83,boys quarter
Spaces.Room,217,4830000,6040,6040,1,0,0,0,0,1,0,sqr meter,2014-05-03T00:00:00Z,3,0,2016-11-03T15:09:03Z,61,boys quarter
Spaces.Room,218,4830000,6862,6862,1,1,0,0,0,1,0,sqr meter,2015-10-02T00:00:00Z,3,0,2016-11-03T15:09:03Z,21,self-contained
Spaces.Room,219,4830000,4815,4815,1,1,0,0,0,1,0,sqr meter,2015-07-31T00:00:00Z,2,0,2016-11-03T15:09:03Z,40,single room
Spaces.Room,220,4795000,7000,7000,0,0,0,1,0,1,0,sqr meter,2016-03-28T00:00:00Z,3,0,2016-11-03T15:09:03Z,38,self-contained
Spaces.Room,221,4795000,8100,8100,0,1,0,1,0,1,0,sqr meter,2015-12-25T00:00:00Z,4,0,2016-11-03T15:09:03Z,30,self-contained
Spaces.Room,222,4767000,3420,3420,0,0,0,0,0,2,0,sqr meter,2014-08-08T00:00:00Z,4,0,2016-11-03T15:09:03Z,7,single room
Spaces.Room,223,4760000,9166,9166,0,1,0,1,0,1,0,sqr meter,2015-11-19T00:00:00Z,2,0,2016-11-03T15:09:03Z,50,self-contained
Spaces.Room,224,4760000,6321,6321,0,1,0,1,0,1,0,sqr meter,2014-06-23T00:00:00Z,3,0,2016-11-03T15:09:03Z,36,boys quarter
Spaces.Room,225,4760000,10240,10240,1,1,0,0,0,1,0,sqr meter,2013-10-23T00:00:00Z,2,0,2016-11-03T15:09:03Z,28,boys quarter
Spaces.Room,226,4753000,6440,6440,0,1,0,0,0,1,0,sqr meter,2016-10-19T00:00:00Z,2,0,2016-11-03T15:09:03Z,80,self-contained
Spaces.Room,227,4690000,5170,5170,0,1,0,0,0,1,0,sqr meter,2015-03-09T00:00:00Z,3,0,2016-11-03T15:09:03Z,56,self-contained
Spaces.Room,228,4690000,6000,6000,0,1,0,1,0,1,0,sqr meter,2015-09-05T00:00:00Z,2,0,2016-11-03T15:09:03Z,60,self-contained
Spaces.Room,229,4690000,3630,3630,0,0,0,0,0,1,0,sqr meter,2013-08-22T00:00:00Z,3,0,2016-11-03T15:09:03Z,92,single room
Spaces.Room,230,4690000,9667,9667,0,0,1,1,0,2,0,sqr meter,2016-11-03T00:00:00Z,4,0,2016-11-03T15:09:03Z,79,self-contained
Spaces.Room,231,4690000,5400,5400,1,0,0,0,0,1,0,sqr meter,2016-05-22T00:00:00Z,2,0,2016-11-03T15:09:03Z,53,single room
Spaces.Room,232,4690000,4320,4320,1,0,0,0,0,1,0,sqr meter,2015-04-03T00:00:00Z,3,0,2016-11-03T15:09:03Z,29,self-contained
Spaces.Room,233,4655000,3745,3745,0,0,0,1,0,1,0,sqr meter,2015-12-24T00:00:00Z,3,0,2016-11-03T15:09:03Z,2,boys quarter
Spaces.Room,234,4620000,4160,4160,0,1,1,1,0,1,0,sqr meter,2015-07-25T00:00:00Z,3,0,2016-11-03T15:09:03Z,91,boys quarter
Spaces.Room,235,4620000,3880,3880,0,0,0,1,0,2,0,sqr meter,2016-08-14T00:00:00Z,3,0,2016-11-03T15:09:03Z,71,self-contained
Spaces.Room,236,4620000,5680,5680,0,1,1,0,0,1,0,sqr meter,2016-10-27T00:00:00Z,3,0,2016-11-03T15:09:03Z,91,boys quarter
Spaces.Room,237,4620000,2870,2870,1,0,1,1,0,1,0,sqr meter,2011-03-14T00:00:00Z,2,0,2016-11-03T15:09:03Z,57,single room
Spaces.Room,238,4620000,5010,5010,0,0,0,1,0,1,0,sqr meter,2014-03-16T00:00:00Z,3,0,2016-11-03T15:09:03Z,60,single room
Spaces.Room,239,4613000,4510,4510,0,0,0,1,0,2,0,sqr meter,2016-08-01T00:00:00Z,4,0,2016-11-03T15:09:03Z,9,single room
Spaces.Room,240,4585000,4000,4000,0,0,0,0,0,1,0,sqr meter,2016-05-28T00:00:00Z,3,0,2016-11-03T15:09:03Z,39,boys quarter
Spaces.Room,241,4585000,3840,3840,1,0,0,0,0,1,0,sqr meter,2016-07-23T00:00:00Z,3,0,2016-11-03T15:09:03Z,65,self-contained
Spaces.Room,242,4550000,3760,3760,0,0,0,0,0,1,0,sqr meter,2014-08-15T00:00:00Z,3,0,2016-11-03T15:09:03Z,26,single room
Spaces.Room,243,4550000,3640,3640,0,1,0,0,0,1,0,sqr meter,2015-08-08T00:00:00Z,3,0,2016-11-03T15:09:03Z,22,boys quarter
Spaces.Room,244,4550000,2550,2550,0,0,0,1,0,1,0,sqr meter,2016-08-06T00:00:00Z,3,0,2016-11-03T15:09:03Z,8,self-contained
Spaces.Room,245,4550000,5320,5320,1,0,1,1,0,1,0,sqr meter,2016-10-06T00:00:00Z,3,0,2016-11-03T15:09:03Z,82,boys quarter
Spaces.Room,246,4550000,5360,5360,1,0,0,0,0,1,0,sqr meter,2016-08-15T00:00:00Z,3,0,2016-11-03T15:09:03Z,23,single room
Spaces.Room,247,4550000,3520,3520,1,0,0,0,0,1,0,sqr meter,2014-07-29T00:00:00Z,3,0,2016-11-03T15:09:03Z,40,single room
Spaces.Room,248,4550000,8400,8400,0,0,0,0,0,1,0,sqr meter,,4,0,2016-03-28T15:01:37Z,2,self-contained
Spaces.Room,249,4543000,4100,4100,0,0,1,1,0,2,0,sqr meter,2012-09-06T00:00:00Z,2,0,2016-03-27T14:35:53Z,43,self-contained
Spaces.Room,250,4543000,4990,4990,1,0,1,1,0,2,0,sqr meter,2015-05-02T00:00:00Z,4,0,2016-11-21T15:28:02Z,67,self-contained
Spaces.Room,251,4515000,3510,3510,0,0,0,0,0,1,0,sqr meter,2014-03-19T00:00:00Z,3,0,2016-11-21T15:28:02Z,99,boys quarter
Spaces.Room,252,4515000,3450,3450,0,0,0,1,0,1,0,sqr meter,2015-12-20T00:00:00Z,3,0,2016-11-21T15:28:02Z,95,boys quarter
Spaces.Room,253,4515000,9860,9860,0,0,0,0,0,1,0,sqr meter,2016-06-27T00:00:00Z,3,0,2016-11-21T15:28:02Z,25,self-contained
Spaces.Room,254,4515000,3520,3520,1,0,0,0,0,1,0,sqr meter,2013-12-11T00:00:00Z,2,0,2016-11-21T15:28:02Z,23,single room
Spaces.Room,255,4480000,4510,4510,0,1,0,0,0,1,0,sqr meter,2016-06-04T00:00:00Z,4,0,2016-11-21T15:28:02Z,95,self-contained
Spaces.Room,256,4480000,5885,5885,0,1,0,0,0,1,0,sqr meter,2016-10-07T00:00:00Z,2,0,2016-11-21T15:28:02Z,31,boys quarter
Spaces.Room,257,4480000,4000,4000,0,0,0,0,0,1,0,sqr meter,2016-06-05T00:00:00Z,3,0,2016-11-21T15:28:02Z,54,single room
Spaces.Room,258,4480000,8250,8250,0,0,0,0,0,1,0,sqr meter,2013-11-02T00:00:00Z,3,0,2016-11-21T15:28:02Z,100,single room
Spaces.Room,259,4480000,4040,4040,0,0,0,0,0,1,0,sqr meter,2016-04-06T00:00:00Z,3,0,2016-11-21T15:28:02Z,8,boys quarter
Spaces.Room,260,4473000,6360,6360,0,1,0,1,0,1,0,sqr meter,2013-10-16T00:00:00Z,2,0,2016-11-21T15:28:02Z,42,self-contained
Spaces.Room,261,4473000,3162,3162,0,1,0,0,0,1,0,sqr meter,2013-10-28T00:00:00Z,3,0,2016-11-21T15:28:02Z,32,single room
Spaces.Room,262,4473000,3510,3510,0,0,0,0,0,1,0,sqr meter,2015-07-20T00:00:00Z,3,0,2016-11-21T15:28:02Z,50,self-contained
Spaces.Room,263,4445000,3750,3750,0,0,1,1,0,1,0,sqr meter,2013-12-15T00:00:00Z,2,0,2016-11-21T15:28:02Z,100,boys quarter
Spaces.Room,264,4410000,3968,3968,0,0,0,0,0,1,0,sqr meter,2016-08-08T00:00:00Z,3,0,2016-11-21T15:28:02Z,27,single room
Spaces.Room,265,4410000,4900,4900,0,0,0,1,0,1,0,sqr meter,2016-05-09T00:00:00Z,2,0,2016-11-21T15:28:02Z,3,single room
Spaces.Room,266,4403000,2880,2880,1,0,0,0,0,1,0,sqr meter,2015-10-16T00:00:00Z,3,0,2016-11-21T15:28:02Z,39,boys quarter
Spaces.Room,267,4403000,4880,4880,1,0,0,0,0,1,0,sqr meter,2016-08-05T00:00:00Z,3,0,2016-11-21T15:28:02Z,33,single room
Spaces.Room,268,4403000,4920,4920,0,0,0,0,0,1,0,sqr meter,2015-11-24T00:00:00Z,3,0,2016-11-21T15:28:02Z,44,boys quarter
Spaces.Room,269,4382000,4950,4950,0,1,0,0,0,1,0,sqr meter,2016-07-14T00:00:00Z,4,0,2016-11-21T15:28:02Z,46,boys quarter
Spaces.Room,270,4375000,3900,3900,0,0,0,0,0,1,0,sqr meter,2016-06-07T00:00:00Z,3,0,2016-11-21T15:28:02Z,83,self-contained
Spaces.Room,271,4340000,4500,4500,0,0,0,0,1,2,1,sqr feet,2016-05-15T00:00:00Z,3,1,2016-11-21T15:28:02Z,38,self-contained
Spaces.Room,272,4340000,1905,1905,0,0,0,1,0,1,0,sqr meter,2016-03-03T00:00:00Z,5,0,2016-11-21T15:28:02Z,3,self-contained
Spaces.Room,273,4340000,4075,4075,0,0,1,1,0,1,0,sqr meter,2016-06-11T00:00:00Z,3,0,2016-11-21T15:28:02Z,88,self-contained
Spaces.Room,274,4340000,3500,3500,0,0,0,0,0,1,0,sqr meter,2016-05-09T00:00:00Z,4,0,2016-11-21T15:28:02Z,66,boys quarter
Spaces.Room,275,4340000,6450,6450,0,0,0,0,0,1,0,sqr meter,2016-05-26T00:00:00Z,4,0,2016-11-21T15:28:02Z,79,self-contained
Spaces.Room,276,4319000,4032,4032,0,0,0,1,0,1,0,sqr meter,2016-06-28T00:00:00Z,2,0,2016-11-21T15:28:02Z,78,self-contained
Spaces.Room,277,4305000,4400,4400,0,0,0,0,0,1,0,sqr meter,2016-01-07T00:00:00Z,2,0,2016-11-21T15:28:02Z,85,boys quarter
Spaces.Room,278,4305000,10360,10360,1,0,0,0,0,1,0,sqr meter,2016-06-18T00:00:00Z,2,0,2016-11-21T15:28:02Z,19,boys quarter
Spaces.Room,279,4277000,3400,3400,1,0,0,1,0,1,0,sqr meter,2016-01-01T00:00:00Z,3,0,2016-11-21T15:28:02Z,60,self-contained
Spaces.Room,280,4270000,6360,6360,0,0,0,0,0,1,0,sqr meter,2016-10-28T00:00:00Z,2,0,2016-11-21T15:28:02Z,77,single room
Spaces.Room,281,4270000,6360,6360,0,0,0,0,0,1,0,sqr meter,2016-05-31T00:00:00Z,2,0,2016-05-05T12:28:29Z,19,boys quarter
Spaces.Room,282,4270000,4500,4500,0,1,0,0,0,1,0,sqr meter,2015-09-21T00:00:00Z,2,0,2016-10-26T21:18:13Z,61,boys quarter
Spaces.Room,283,4270000,2175,2175,0,1,1,1,0,1,0,sqr meter,2015-08-11T00:00:00Z,3,0,2016-10-26T21:18:13Z,33,single room
Spaces.Room,284,4270000,4360,4360,0,0,0,0,0,1,0,sqr meter,2016-01-18T00:00:00Z,4,0,2016-10-26T21:18:13Z,32,boys quarter
Spaces.Room,285,4270000,7770,7770,0,0,0,0,0,1,0,sqr meter,2015-10-25T00:00:00Z,2,0,2016-10-26T21:18:13Z,33,self-contained
Spaces.Room,286,4235000,6650,6650,0,0,1,0,0,1,0,sqr meter,2015-03-27T00:00:00Z,3,0,2016-10-26T21:18:13Z,70,boys quarter
Spaces.Room,287,4235000,2787,2787,1,0,0,1,0,1,0,sqr meter,2015-04-07T00:00:00Z,3,0,2016-10-26T21:18:13Z,6,single room
Spaces.Room,288,4200000,5500,5500,0,1,0,0,0,1,0,sqr meter,2016-02-02T00:00:00Z,3,0,2016-10-26T21:18:13Z,79,self-contained
Spaces.Room,289,4200000,5040,5040,0,1,0,1,0,1,0,sqr meter,2016-02-02T00:00:00Z,3,0,2016-10-26T21:18:13Z,4,self-contained
Spaces.Room,290,4200000,5850,5850,0,0,1,1,0,1,0,sqr meter,2015-10-21T00:00:00Z,2,0,2016-10-26T21:18:13Z,57,self-contained
Spaces.Room,291,4200000,2610,2610,0,0,0,0,0,3,0,sqr meter,2015-05-26T00:00:00Z,4,0,2016-10-26T21:18:13Z,77,boys quarter
Spaces.Room,292,4200000,2953,2953,0,1,0,1,0,1,0,sqr meter,2015-06-23T00:00:00Z,3,0,2016-10-26T21:18:13Z,74,boys quarter
Spaces.Room,293,4200000,2747,2747,0,0,0,0,0,2,0,sqr meter,2015-10-13T00:00:00Z,4,0,2016-10-26T21:18:13Z,60,boys quarter
Spaces.Room,294,4200000,4410,4410,0,0,0,0,0,1,0,sqr meter,2016-01-25T00:00:00Z,2,0,2016-10-26T21:18:13Z,66,boys quarter
Spaces.Room,295,4200000,4000,4000,0,0,0,0,0,2,0,sqr meter,2015-05-31T00:00:00Z,4,0,2016-10-26T21:18:13Z,19,self-contained
Spaces.Room,296,4200000,2325,2325,0,0,0,0,0,1,0,sqr meter,2015-09-20T00:00:00Z,3,0,2016-10-26T21:18:13Z,101,single room
Spaces.Room,297,4200000,4600,4600,0,1,0,0,0,2,0,sqr meter,2016-04-15T00:00:00Z,3,0,2016-10-26T21:18:13Z,94,self-contained
Spaces.Room,298,4200000,3640,3640,0,0,0,1,0,2,0,sqr meter,2015-08-13T00:00:00Z,3,0,2016-10-26T21:18:13Z,42,boys quarter
Spaces.Room,299,4200000,5800,5800,0,0,0,0,1,1,1,sqr feet,2016-01-08T00:00:00Z,3,1,2016-10-26T21:18:13Z,54,single room
Spaces.Room,300,4200000,7000,7000,0,0,0,0,0,1,0,sqr meter,2016-05-04T00:00:00Z,3,0,2016-10-26T21:18:13Z,100,single room
Spaces.Room,301,4200000,4079,4079,0,0,0,0,0,1,0,sqr meter,2016-01-28T00:00:00Z,3,0,2016-10-26T21:18:13Z,80,single room
Spaces.Room,302,4200000,3520,3520,1,0,0,0,0,1,0,sqr meter,2015-10-31T00:00:00Z,3,0,2016-10-26T21:18:13Z,63,self-contained
Spaces.Room,303,4200000,2145,2145,1,0,0,0,0,1,0,sqr meter,2016-04-22T00:00:00Z,3,0,2016-10-26T21:18:13Z,4,boys quarter
Spaces.Room,304,4200000,4500,4500,0,0,0,1,0,1,0,sqr meter,2015-07-09T00:00:00Z,3,0,2016-10-26T21:18:13Z,85,self-contained
Spaces.Room,305,4193000,8250,8250,0,0,0,1,0,1,0,sqr meter,2009-06-30T00:00:00Z,3,0,2016-10-26T21:18:13Z,36,self-contained
Spaces.Room,306,4193000,3450,3450,0,0,0,0,0,1,0,sqr meter,2015-05-13T00:00:00Z,3,0,2016-10-26T21:18:13Z,15,self-contained
Spaces.Room,307,4165000,4840,4840,0,0,0,0,0,1,0,sqr meter,2015-05-27T00:00:00Z,3,0,2016-10-26T21:18:13Z,90,self-contained
Spaces.Room,308,4165000,4080,4080,0,0,0,0,0,1,0,sqr meter,2015-04-10T00:00:00Z,3,0,2016-10-26T21:18:13Z,28,boys quarter
Spaces.Room,309,4165000,4046,4046,0,0,0,1,0,1,0,sqr meter,2015-06-06T00:00:00Z,3,0,2016-10-26T21:18:13Z,11,single room
Spaces.Room,310,4130000,4632,4632,0,1,0,0,0,1,0,sqr meter,2015-05-19T00:00:00Z,4,0,2016-10-26T21:18:13Z,87,self-contained
Spaces.Room,311,4130000,5985,5985,0,0,0,1,0,1,0,sqr meter,2015-05-02T00:00:00Z,3,0,2016-10-26T21:18:13Z,84,boys quarter
Spaces.Room,312,4123000,6060,6060,0,0,0,1,0,1,0,sqr meter,2015-06-17T00:00:00Z,2,0,2016-10-26T21:18:13Z,76,self-contained
Spaces.Room,313,4098500,3600,3600,1,1,0,1,0,1,0,sqr meter,2010-08-31T00:00:00Z,3,0,2016-10-26T21:18:13Z,99,boys quarter
Spaces.Room,314,4095000,3680,3680,0,0,0,0,0,2,0,sqr meter,2016-04-25T00:00:00Z,3,0,2016-10-26T21:18:13Z,98,single room
Spaces.Room,315,4095000,4040,4040,0,0,0,0,0,1,0,sqr meter,2016-01-23T00:00:00Z,2,0,2016-10-26T21:18:13Z,6,single room
Spaces.Room,316,4095000,5600,5600,0,1,0,0,0,1,0,sqr meter,2010-08-31T00:00:00Z,2,0,2016-10-26T21:18:13Z,26,boys quarter
Spaces.Room,317,4060000,5900,5900,0,0,0,1,0,2,0,sqr meter,2015-10-24T00:00:00Z,4,0,2016-10-26T21:18:13Z,36,boys quarter
Spaces.Room,318,4060000,4992,4992,0,0,0,0,0,2,0,sqr meter,2016-04-24T00:00:00Z,3,0,2016-10-26T21:18:13Z,11,boys quarter
Spaces.Room,319,4060000,4340,4340,0,0,0,0,0,1,0,sqr meter,2015-12-11T00:00:00Z,3,0,2017-02-25T20:32:57Z,16,boys quarter
Spaces.Room,320,4060000,3000,3000,0,1,0,1,0,1,0,sqr meter,2016-03-27T00:00:00Z,4,0,2017-02-25T20:32:57Z,33,self-contained
Spaces.Room,321,4060000,4320,4320,1,0,0,0,0,1,0,sqr meter,2016-02-16T00:00:00Z,3,0,2017-02-25T20:32:57Z,96,boys quarter
Spaces.Room,322,4025000,3630,3630,0,0,0,0,1,2,1,sqr feet,2016-02-16T00:00:00Z,3,1,2017-02-25T20:32:57Z,6,boys quarter
Spaces.Room,323,4025000,3460,3460,0,1,0,1,0,2,0,sqr meter,2016-02-29T00:00:00Z,3,0,2017-02-25T20:32:57Z,88,single room
Spaces.Room,324,4025000,5400,5400,0,0,0,0,0,1,0,sqr meter,2015-10-05T00:00:00Z,3,0,2017-02-25T20:32:57Z,2,self-contained
Spaces.Room,325,4007500,4500,4500,0,1,0,1,0,1,0,sqr meter,2016-02-13T00:00:00Z,3,0,2017-02-25T20:32:57Z,54,single room
Spaces.Room,326,4007500,3460,3460,0,1,0,0,0,1,0,sqr meter,2015-08-19T00:00:00Z,4,0,2017-02-25T20:32:57Z,27,single room
Spaces.Room,327,3990000,4100,4100,0,0,0,1,0,1,0,sqr meter,2016-06-03T00:00:00Z,4,0,2017-02-25T20:32:57Z,61,self-contained
Spaces.Room,328,3990000,6480,6480,0,1,0,0,0,1,0,sqr meter,2015-10-26T00:00:00Z,3,0,2017-02-25T20:32:57Z,82,self-contained
Spaces.Room,329,3990000,4500,4500,0,1,0,1,0,2,0,sqr meter,2015-09-27T00:00:00Z,3,0,2017-02-25T20:32:57Z,30,self-contained
Spaces.Room,330,3990000,3960,3960,0,0,0,0,0,1,0,sqr meter,2015-09-17T00:00:00Z,3,0,2017-02-25T20:32:57Z,97,self-contained
Spaces.Room,331,3990000,4050,4050,1,0,1,1,0,1,0,sqr meter,2015-09-03T00:00:00Z,2,0,2017-02-25T20:32:57Z,28,single room
Spaces.Room,332,3920000,7260,7260,0,0,1,1,0,2,0,sqr meter,2016-03-02T00:00:00Z,3,0,2017-02-25T20:32:57Z,28,boys quarter
Spaces.Room,333,3920000,5500,5500,0,0,1,1,0,1,0,sqr meter,2016-07-25T00:00:00Z,4,0,2017-02-25T20:32:57Z,56,boys quarter
Spaces.Room,334,3920000,3000,3000,0,0,0,0,0,1,0,sqr meter,2015-08-30T00:00:00Z,3,0,2017-02-25T20:32:57Z,10,boys quarter
Spaces.Room,335,3920000,3290,3290,0,0,0,0,1,1,1,sqr feet,2016-07-30T00:00:00Z,2,1,2017-02-25T20:32:57Z,90,single room
Spaces.Room,336,3920000,3816,3816,0,1,0,1,0,1,0,sqr meter,2015-12-13T00:00:00Z,2,0,2017-02-25T20:32:57Z,96,single room
Spaces.Room,337,3920000,8080,8080,0,1,0,0,0,1,0,sqr meter,2015-09-17T00:00:00Z,3,0,2017-02-25T20:32:57Z,79,boys quarter
Spaces.Room,338,3920000,2145,2145,1,0,0,1,0,2,0,sqr meter,2016-03-19T00:00:00Z,4,0,2017-02-25T20:32:57Z,96,boys quarter
Spaces.Room,339,3885000,3780,3780,0,0,1,1,0,1,0,sqr meter,2015-10-08T00:00:00Z,2,0,2017-02-25T20:32:57Z,17,boys quarter
Spaces.Room,340,3885000,3180,3180,0,0,0,0,0,2,0,sqr meter,2016-03-20T00:00:00Z,4,0,2016-11-15T22:33:25Z,94,boys quarter
Spaces.Room,341,3850000,5300,5300,0,0,0,0,0,2,0,sqr meter,2016-05-29T00:00:00Z,5,0,2016-11-15T22:33:25Z,6,boys quarter
Spaces.Room,342,3850000,3180,3180,0,0,0,1,0,2,0,sqr meter,2015-05-11T00:00:00Z,2,0,2016-11-15T22:33:25Z,29,boys quarter
Spaces.Room,343,3850000,7152,7152,0,1,0,0,0,1,0,sqr meter,2015-08-30T00:00:00Z,3,0,2016-11-15T22:33:25Z,32,self-contained
Spaces.Room,344,3850000,4080,4080,0,0,0,0,0,1,0,sqr meter,2015-11-17T00:00:00Z,2,0,2016-11-15T22:33:25Z,38,boys quarter
Spaces.Room,345,3850000,3850,3850,0,0,0,0,0,1,0,sqr meter,2015-11-10T00:00:00Z,2,0,2016-11-15T22:33:25Z,86,single room
Spaces.Room,346,3850000,2015,2015,1,0,0,1,0,1,0,sqr meter,2016-05-17T00:00:00Z,3,0,2016-11-15T22:33:25Z,92,self-contained
Spaces.Room,347,3850000,2176,2176,1,0,1,0,0,1,0,sqr meter,2015-05-25T00:00:00Z,2,0,2016-11-15T22:33:25Z,2,self-contained
Spaces.Room,348,3836000,3350,3350,0,0,0,0,0,1,0,sqr meter,2015-11-03T00:00:00Z,3,0,2016-11-15T22:33:25Z,72,self-contained
Spaces.Room,349,3815000,3150,3150,0,0,0,1,0,2,0,sqr meter,2016-06-29T00:00:00Z,2,0,2016-11-15T22:33:25Z,68,self-contained
Spaces.Room,350,3780000,4820,4820,0,0,0,0,0,1,0,sqr meter,2015-08-26T00:00:00Z,3,0,2016-11-15T22:33:25Z,100,single room
Spaces.Room,351,3780000,3420,3420,0,0,0,0,1,1,1,sqr feet,2015-11-06T00:00:00Z,2,1,2016-11-15T22:33:25Z,76,single room
Spaces.Room,352,3780000,3600,3600,0,0,0,0,0,1,0,sqr meter,2015-10-11T00:00:00Z,2,0,2016-11-15T22:33:25Z,12,self-contained
Spaces.Room,353,3780000,5830,5830,0,0,0,0,0,1,0,sqr meter,2015-09-30T00:00:00Z,2,0,2016-11-15T22:33:25Z,51,self-contained
Spaces.Room,354,3780000,2856,2856,1,0,0,0,0,1,0,sqr meter,2016-01-27T00:00:00Z,3,0,2016-11-15T22:33:25Z,97,boys quarter
Spaces.Room,355,3780000,8400,8400,0,0,0,0,0,1,0,sqr meter,2015-11-01T00:00:00Z,2,0,2016-11-15T22:33:25Z,92,single room
Spaces.Room,356,3773000,8250,8250,0,0,0,0,0,1,0,sqr meter,2015-05-12T00:00:00Z,3,0,2016-11-15T22:33:25Z,39,self-contained
Spaces.Room,357,3773000,2520,2520,0,1,0,1,0,2,0,sqr meter,2015-10-12T00:00:00Z,5,0,2016-11-15T22:33:25Z,23,single room
Spaces.Room,358,3773000,6930,6930,0,0,0,0,0,1,0,sqr meter,2016-05-13T00:00:00Z,4,0,2016-11-15T22:33:25Z,84,self-contained
Spaces.Room,359,3745000,3480,3480,1,0,0,0,0,1,0,sqr meter,2015-06-15T00:00:00Z,2,0,2016-11-15T22:33:25Z,51,boys quarter
Spaces.Room,360,3710000,3600,3600,0,0,0,0,0,1,0,sqr meter,2015-09-08T00:00:00Z,3,0,2016-11-15T22:33:25Z,43,single room
Spaces.Room,361,3710000,4040,4040,0,0,0,0,0,1,0,sqr meter,2016-05-22T00:00:00Z,2,0,2016-11-15T22:33:25Z,26,self-contained
Spaces.Room,362,3710000,6020,6020,0,0,0,0,0,1,0,sqr meter,2015-05-20T00:00:00Z,3,0,2016-11-15T22:33:25Z,17,self-contained
Spaces.Room,363,3710000,4050,4050,0,0,0,0,0,1,0,sqr meter,2015-05-11T00:00:00Z,2,0,2016-11-15T22:33:25Z,50,self-contained
Spaces.Room,364,3710000,3584,3584,0,0,0,0,1,1,1,sqr feet,2016-05-01T00:00:00Z,2,1,2016-11-15T22:33:25Z,74,single room
Spaces.Room,365,3703000,3120,3120,0,0,0,1,1,1,1,sqr feet,2016-01-06T00:00:00Z,3,1,2016-11-15T22:33:25Z,43,self-contained
Spaces.Room,366,3703000,5450,5450,0,0,0,0,0,1,0,sqr meter,2016-04-25T00:00:00Z,2,0,2016-11-15T22:33:25Z,46,self-contained
Spaces.Room,367,3675000,3630,3630,0,0,0,1,0,1,0,sqr meter,2015-05-04T00:00:00Z,2,0,2016-11-15T22:33:25Z,84,single room
Spaces.Room,368,3675000,3630,3630,0,1,0,0,0,1,0,sqr meter,2015-05-24T00:00:00Z,2,0,2016-11-15T22:33:25Z,65,boys quarter
Spaces.Room,369,3675000,5640,5640,0,0,0,0,0,1,0,sqr meter,2015-09-29T00:00:00Z,2,0,2016-11-15T22:33:25Z,29,boys quarter
Spaces.Room,370,3675000,3600,3600,0,0,0,0,0,1,0,sqr meter,2015-09-14T00:00:00Z,2,0,2016-11-15T22:33:25Z,41,self-contained
Spaces.Room,371,3640000,4280,4280,0,1,0,0,0,1,0,sqr meter,2015-05-21T00:00:00Z,2,0,2016-11-15T22:33:25Z,48,single room
Spaces.Room,372,3640000,3570,3570,0,0,0,1,0,1,0,sqr meter,2016-06-26T00:00:00Z,3,0,2016-11-15T22:33:25Z,9,self-contained
Spaces.Room,373,3640000,3180,3180,0,0,0,1,0,1,0,sqr meter,2016-05-14T00:00:00Z,3,0,2016-11-15T22:33:25Z,10,boys quarter
Spaces.Room,374,3640000,3000,3000,0,1,0,0,0,1,0,sqr meter,2015-05-25T00:00:00Z,2,0,2016-11-15T22:33:25Z,70,single room
Spaces.Room,375,3640000,3520,3520,0,0,0,1,0,2,0,sqr meter,2015-09-09T00:00:00Z,2,0,2016-11-15T22:33:25Z,34,single room
Spaces.Room,376,3640000,5960,5960,0,0,1,1,0,1,0,sqr meter,2015-05-24T00:00:00Z,3,0,2016-11-15T22:33:25Z,91,boys quarter
Spaces.Room,377,3640000,4130,4130,0,0,0,0,0,2,0,sqr meter,2015-06-16T00:00:00Z,3,0,2016-11-15T22:33:25Z,38,boys quarter
Spaces.Room,378,3640000,2850,2850,1,0,0,1,0,2,0,sqr meter,2015-09-21T00:00:00Z,3,0,2016-11-15T22:33:25Z,3,single room
Spaces.Room,379,3640000,2275,2275,1,1,0,0,1,1,1,sqr feet,2015-11-11T00:00:00Z,3,1,2016-11-15T22:33:25Z,38,boys quarter
Spaces.Room,380,3633000,3520,3520,1,0,0,0,0,1,0,sqr meter,2016-05-16T00:00:00Z,3,0,2016-11-15T22:33:25Z,49,boys quarter
Spaces.Room,381,3605000,4500,4500,0,0,0,0,0,1,0,sqr meter,2016-01-20T00:00:00Z,2,0,2016-11-15T22:33:25Z,21,self-contained
Spaces.Room,382,3605000,4000,4000,1,0,0,0,0,1,0,sqr meter,2015-05-16T00:00:00Z,2,0,2016-11-15T22:33:25Z,48,single room
Spaces.Room,383,3570000,3150,3150,0,0,0,1,0,1,0,sqr meter,2015-11-07T00:00:00Z,3,0,2016-11-15T22:33:25Z,21,single room
Spaces.Room,384,3570000,4500,4500,0,0,0,1,0,2,0,sqr meter,2015-07-14T00:00:00Z,4,0,2016-11-15T22:33:25Z,52,single room
Spaces.Room,385,3570000,4500,4500,0,0,0,0,0,1,0,sqr meter,2015-06-07T00:00:00Z,2,0,2016-11-15T22:33:25Z,86,boys quarter
Spaces.Room,386,3570000,3640,3640,0,0,0,0,0,1,0,sqr meter,2015-10-13T00:00:00Z,2,0,2016-11-15T22:33:25Z,51,boys quarter
Spaces.Room,387,3535000,3850,3850,0,0,0,0,0,1,0,sqr meter,2015-04-30T00:00:00Z,3,0,2016-11-15T22:33:25Z,60,self-contained
Spaces.Room,388,3500000,4240,4240,0,1,0,0,0,1,0,sqr meter,2016-07-16T00:00:00Z,3,0,2016-11-15T22:33:25Z,40,boys quarter
Spaces.Room,389,3500000,3650,3650,0,0,0,0,0,1,0,sqr meter,2015-10-24T00:00:00Z,3,0,2016-11-15T22:33:25Z,88,boys quarter
Spaces.Room,390,3500000,4600,4600,0,0,0,0,0,1,0,sqr meter,2015-05-01T00:00:00Z,4,0,2016-11-15T22:33:25Z,15,boys quarter
Spaces.Room,391,3500000,2135,2135,0,0,0,0,0,2,0,sqr meter,2015-08-24T00:00:00Z,3,0,2017-04-03T18:06:08Z,2,self-contained
Spaces.Room,392,3500000,3036,3036,0,0,0,1,0,1,0,sqr meter,2015-10-26T00:00:00Z,3,0,2017-04-03T18:06:08Z,90,self-contained
Spaces.Room,393,3500000,3990,3990,0,0,0,0,0,1,0,sqr meter,2015-09-19T00:00:00Z,3,0,2017-04-03T18:06:08Z,45,boys quarter
Spaces.Room,394,3500000,7424,7424,0,0,0,0,0,1,0,sqr meter,2015-09-26T00:00:00Z,3,0,2017-04-03T18:06:08Z,72,boys quarter
Spaces.Room,395,3500000,3480,3480,0,1,0,0,0,1,0,sqr meter,2015-09-15T00:00:00Z,3,0,2017-04-03T18:06:08Z,32,self-contained
Spaces.Room,396,3500000,3600,3600,0,0,0,0,0,1,0,sqr meter,2015-07-18T00:00:00Z,6,0,2017-04-03T18:06:08Z,95,boys quarter
Spaces.Room,397,3500000,3640,3640,0,0,0,0,0,1,0,sqr meter,2015-10-26T00:00:00Z,2,0,2017-04-03T18:06:08Z,56,single room
Spaces.Room,398,3500000,5900,5900,0,0,0,0,0,1,0,sqr meter,2015-08-05T00:00:00Z,2,0,2017-04-03T18:06:08Z,43,single room
Spaces.Room,399,3500000,3120,3120,0,0,0,0,0,1,0,sqr meter,2015-10-15T00:00:00Z,3,0,2017-04-03T18:06:08Z,58,boys quarter
Spaces.Room,400,3500000,7350,7350,0,0,0,0,0,1,0,sqr meter,2015-07-31T00:00:00Z,2,0,2017-04-03T18:06:08Z,1,single room
Spaces.Room,401,3500000,3512,3512,1,0,0,0,0,1,0,sqr meter,2016-05-17T00:00:00Z,2,0,2017-04-03T18:06:08Z,72,self-contained
Spaces.Room,402,3500000,9500,9500,1,0,0,0,0,1,0,sqr meter,2016-06-09T00:00:00Z,3,0,2017-04-03T18:06:08Z,101,boys quarter
Spaces.Room,403,3500000,5880,5880,0,0,0,0,0,1,0,sqr meter,2016-07-08T00:00:00Z,2,0,2016-10-29T20:20:54Z,55,single room
Spaces.Room,404,3500000,12944,12944,0,0,0,0,0,1,0,sqr meter,2015-12-03T00:00:00Z,3,0,2016-10-29T20:20:54Z,25,boys quarter
Spaces.Room,405,3493000,4900,4900,0,0,0,0,0,1,0,sqr meter,2016-07-09T00:00:00Z,3,0,2016-10-29T20:20:54Z,32,boys quarter
Spaces.Room,406,3465000,3060,3060,0,0,0,0,0,1,0,sqr meter,2015-11-25T00:00:00Z,3,0,2016-10-29T20:20:54Z,20,self-contained
Spaces.Room,407,3465000,5320,5320,1,0,0,0,0,1,0,sqr meter,2016-04-08T00:00:00Z,2,0,2016-10-29T20:20:54Z,36,self-contained
Spaces.Room,408,3465000,2145,2145,1,0,0,0,0,1,0,sqr meter,2015-11-12T00:00:00Z,3,0,2016-10-29T20:20:54Z,90,boys quarter
Spaces.Room,409,3430000,4000,4000,0,0,0,0,0,1,0,sqr meter,2016-06-25T00:00:00Z,2,0,2016-10-29T20:20:54Z,70,single room
Spaces.Room,410,3430000,3185,3185,0,0,0,0,0,1,0,sqr meter,2015-12-18T00:00:00Z,2,0,2016-10-29T20:20:54Z,90,boys quarter
Spaces.Room,411,3430000,3850,3850,0,0,0,0,0,1,0,sqr meter,2015-10-21T00:00:00Z,3,0,2016-10-29T20:20:54Z,24,single room
Spaces.Room,412,3430000,2145,2145,1,0,0,0,0,1,0,sqr meter,2015-11-25T00:00:00Z,3,0,2016-10-29T20:20:54Z,34,boys quarter
Spaces.Room,413,3430000,2610,2610,1,0,0,1,0,1,0,sqr meter,2016-07-02T00:00:00Z,3,0,2016-10-29T20:20:54Z,75,boys quarter
Spaces.Room,414,3430000,1950,1950,1,0,0,1,0,2,0,sqr meter,2016-04-07T00:00:00Z,3,0,2016-10-29T20:20:54Z,22,boys quarter
Spaces.Room,415,3423000,4040,4040,0,0,0,0,0,1,0,sqr meter,2016-06-19T00:00:00Z,2,0,2016-10-29T20:20:54Z,83,single room
Spaces.Room,416,3395000,4785,4785,0,1,1,1,0,1,0,sqr meter,2016-06-16T00:00:00Z,3,0,2016-10-29T20:20:54Z,93,single room
Spaces.Room,417,3395000,3450,3450,0,0,0,1,0,1,0,sqr meter,2016-06-29T00:00:00Z,3,0,2016-10-29T20:20:54Z,75,boys quarter
Spaces.Room,418,3395000,3640,3640,0,0,0,0,0,1,0,sqr meter,2016-08-31T00:00:00Z,2,0,2016-10-29T20:20:54Z,75,single room
Spaces.Room,419,3360000,3500,3500,0,1,0,0,0,1,0,sqr meter,2015-11-28T00:00:00Z,4,0,2016-10-29T20:20:54Z,60,self-contained
Spaces.Room,420,3360000,4960,4960,0,0,0,0,0,1,0,sqr meter,2016-03-12T00:00:00Z,4,0,2016-10-29T20:20:54Z,70,boys quarter
Spaces.Room,421,3360000,4120,4120,0,0,0,0,0,1,0,sqr meter,2016-07-07T00:00:00Z,2,0,2016-10-29T20:20:54Z,13,single room
Spaces.Room,422,3360000,4750,4750,0,0,0,0,0,1,0,sqr meter,2016-05-27T00:00:00Z,2,0,2016-10-29T20:20:54Z,36,single room
Spaces.Room,423,3360000,3720,3720,0,1,0,0,0,1,0,sqr meter,2016-03-29T00:00:00Z,2,0,2016-10-29T20:20:54Z,84,self-contained
Spaces.Room,424,3360000,3750,3750,0,0,0,0,0,1,0,sqr meter,2016-08-05T00:00:00Z,3,0,2016-10-29T20:20:54Z,61,boys quarter
Spaces.Room,425,3360000,3100,3100,0,0,0,1,0,1,0,sqr meter,2016-07-17T00:00:00Z,3,0,2016-10-29T20:20:54Z,45,self-contained
Spaces.Room,426,3360000,3185,3185,0,0,0,1,0,1,0,sqr meter,2015-10-23T00:00:00Z,2,0,2016-10-29T20:20:54Z,99,single room
Spaces.Room,427,3353000,2700,2700,0,0,0,0,0,1,0,sqr meter,2016-04-27T00:00:00Z,3,0,2016-10-29T20:20:54Z,64,single room
Spaces.Room,428,3332000,2145,2145,1,0,0,1,0,1,0,sqr meter,2016-05-21T00:00:00Z,3,0,2016-10-29T20:20:54Z,48,single room
Spaces.Room,429,3325000,4040,4040,0,0,0,0,0,1,0,sqr meter,2016-02-03T00:00:00Z,2,0,2016-10-29T20:20:54Z,25,single room
Spaces.Room,430,3325000,4775,4775,0,0,0,0,0,1,0,sqr meter,2015-12-07T00:00:00Z,4,0,2016-10-29T20:20:54Z,38,boys quarter
Spaces.Room,431,3290000,2500,2500,0,1,0,0,0,1,0,sqr meter,2016-01-01T00:00:00Z,2,0,2016-10-29T20:20:54Z,82,boys quarter
Spaces.Room,432,3290000,3180,3180,0,1,0,1,0,1,0,sqr meter,2016-06-18T00:00:00Z,4,0,2016-10-29T20:20:54Z,24,self-contained
Spaces.Room,433,3290000,6060,6060,0,0,1,1,0,1,0,sqr meter,2016-03-25T00:00:00Z,3,0,2016-10-29T20:20:54Z,64,single room
Spaces.Room,434,3290000,3480,3480,0,0,0,0,0,1,0,sqr meter,2016-08-13T00:00:00Z,4,0,2016-10-29T20:20:54Z,76,self-contained
Spaces.Room,435,3290000,3792,3792,0,0,0,0,0,1,0,sqr meter,2016-06-10T00:00:00Z,4,0,2016-10-29T20:20:54Z,22,boys quarter
Spaces.Room,436,3290000,4040,4040,0,0,0,0,0,1,0,sqr meter,2016-02-05T00:00:00Z,2,0,2016-10-29T20:20:54Z,57,boys quarter
Spaces.Room,437,3290000,2145,2145,1,0,0,1,0,1,0,sqr meter,2016-04-24T00:00:00Z,3,0,2016-10-29T20:20:54Z,54,self-contained
Spaces.Room,438,3290000,5880,5880,0,0,0,0,0,1,0,sqr meter,2016-03-21T00:00:00Z,3,0,2016-10-29T20:20:54Z,45,single room
Spaces.Room,439,3255000,4500,4500,0,0,0,0,0,1,0,sqr meter,2016-03-05T00:00:00Z,2,0,2016-10-29T20:20:54Z,94,boys quarter
Spaces.Room,440,3255000,3930,3930,0,0,0,0,0,1,0,sqr meter,2016-07-22T00:00:00Z,2,0,2016-10-29T20:20:54Z,12,self-contained
Spaces.Room,441,3234000,3640,3640,0,0,0,1,0,1,0,sqr meter,2015-12-04T00:00:00Z,4,0,2016-10-29T20:20:54Z,7,self-contained
Spaces.Room,442,3220000,4370,4370,0,0,0,0,0,1,0,sqr meter,2015-11-20T00:00:00Z,3,0,2016-10-29T20:20:54Z,75,single room
Spaces.Room,443,3220000,2684,2684,0,1,0,0,0,1,0,sqr meter,2016-07-02T00:00:00Z,2,0,2016-10-29T20:20:54Z,63,self-contained
Spaces.Room,444,3220000,4320,4320,0,0,0,0,0,1,0,sqr meter,2016-02-11T00:00:00Z,3,0,2016-10-29T20:20:54Z,17,self-contained
Spaces.Room,445,3220000,3120,3120,0,0,0,0,0,1,0,sqr meter,2016-06-23T00:00:00Z,3,0,2016-10-29T20:20:54Z,83,self-contained
Spaces.Room,446,3150000,3450,3450,0,0,0,0,0,1,0,sqr meter,2016-04-15T00:00:00Z,1,0,2016-10-29T20:20:54Z,98,boys quarter
Spaces.Room,447,3150000,3986,3986,0,0,1,1,0,2,0,sqr meter,2016-04-01T00:00:00Z,2,0,2016-10-29T20:20:54Z,10,boys quarter
Spaces.Room,448,3150000,3500,3500,0,0,0,1,0,1,0,sqr meter,2015-10-20T00:00:00Z,2,0,2016-10-29T20:20:54Z,6,single room
Spaces.Room,449,3150000,4095,4095,0,0,0,0,0,1,0,sqr meter,2015-11-01T00:00:00Z,2,0,2016-10-29T20:20:54Z,33,self-contained
Spaces.Room,450,3150000,1650,1650,0,0,0,1,0,1,0,sqr meter,2016-06-16T00:00:00Z,3,0,2016-10-29T20:20:54Z,15,self-contained
Spaces.Room,451,3150000,3450,3450,0,0,0,1,0,1,0,sqr meter,2016-08-26T00:00:00Z,3,0,2016-10-29T20:20:54Z,45,single room
Spaces.Room,452,3150000,6750,6750,0,0,0,0,0,1,0,sqr meter,2015-10-23T00:00:00Z,2,0,2016-10-29T20:20:54Z,82,single room
Spaces.Room,453,3150000,9000,9000,0,0,0,0,0,1,0,sqr meter,2015-10-26T00:00:00Z,3,0,2016-10-29T20:20:54Z,88,single room
Spaces.Room,454,3150000,3069,3069,0,0,0,0,0,1,0,sqr meter,2016-06-17T00:00:00Z,2,0,2016-10-29T20:20:54Z,70,self-contained
Spaces.Room,455,3143000,4500,4500,0,1,0,0,0,1,0,sqr meter,2015-11-14T00:00:00Z,3,0,2016-10-29T20:20:54Z,10,self-contained
Spaces.Room,456,3129000,5495,5495,0,0,0,1,0,1,0,sqr meter,2016-05-02T00:00:00Z,3,0,2016-10-29T20:20:54Z,94,self-contained
Spaces.Room,457,3118850,2398,2398,1,0,0,0,0,1,0,sqr meter,2015-11-07T00:00:00Z,3,0,2016-10-29T20:20:54Z,4,self-contained
Spaces.Room,458,3115000,3000,3000,0,1,0,0,0,1,0,sqr meter,2016-07-25T00:00:00Z,3,0,2016-10-29T20:20:54Z,81,single room
Spaces.Room,459,3115000,3850,3850,0,0,0,0,0,1,0,sqr meter,2016-08-26T00:00:00Z,3,0,2016-10-29T20:20:54Z,37,boys quarter
Spaces.Room,460,3115000,3500,3500,0,0,0,0,0,1,0,sqr meter,2016-08-06T00:00:00Z,2,0,2016-10-29T20:20:54Z,42,single room
Spaces.Room,461,3087000,8100,8100,0,0,0,0,0,1,0,sqr meter,2015-10-14T00:00:00Z,2,0,2016-10-29T20:20:54Z,90,boys quarter
Spaces.Room,462,3080000,4960,4960,0,1,0,1,0,1,0,sqr meter,2016-10-07T00:00:00Z,2,0,2016-10-29T20:20:54Z,38,single room
Spaces.Room,463,3080000,2160,2160,0,0,0,1,0,1,0,sqr meter,2016-07-30T00:00:00Z,3,0,2016-10-29T20:20:54Z,51,single room
Spaces.Room,464,3080000,3090,3090,0,0,1,1,0,1,0,sqr meter,2016-09-09T00:00:00Z,2,0,2016-10-29T20:20:54Z,51,self-contained
Spaces.Room,465,3080000,4500,4500,0,0,0,0,1,1,1,sqr feet,2015-10-17T00:00:00Z,2,1,2016-10-29T20:20:54Z,42,boys quarter
Spaces.Room,466,3045000,3800,3800,0,0,0,0,0,1,0,sqr meter,2016-09-23T00:00:00Z,2,0,2016-10-29T20:20:54Z,22,single room
Spaces.Room,467,3010000,3090,3090,0,0,0,0,0,1,0,sqr meter,2011-04-05T00:00:00Z,3,0,2016-11-17T20:41:49Z,94,self-contained
Spaces.Room,468,3010000,3240,3240,0,0,0,0,0,1,0,sqr meter,2008-10-05T00:00:00Z,3,0,2016-11-17T20:41:49Z,85,self-contained
Spaces.Room,469,3010000,2835,2835,0,0,0,0,0,1,0,sqr meter,2015-06-17T00:00:00Z,2,0,2016-10-27T13:17:27Z,81,boys quarter
Spaces.Room,470,3010000,4600,4600,0,0,0,0,0,1,0,sqr meter,2015-11-23T00:00:00Z,2,0,2016-10-27T13:17:27Z,100,self-contained
Spaces.Room,471,3010000,5076,5076,0,0,0,0,0,1,0,sqr meter,2015-08-03T00:00:00Z,3,0,2016-10-27T13:17:27Z,16,self-contained
Spaces.Room,472,3010000,3750,3750,0,0,0,0,0,1,0,sqr meter,2012-08-13T00:00:00Z,3,0,2016-10-27T13:17:27Z,12,single room
Spaces.Room,473,3010000,3630,3630,0,0,0,0,0,1,0,sqr meter,2013-10-10T00:00:00Z,4,0,2016-10-27T13:17:27Z,62,self-contained
Spaces.Room,474,3003000,8050,8050,0,0,0,0,0,1,0,sqr meter,2014-08-13T00:00:00Z,2,0,2016-10-27T13:17:27Z,76,boys quarter
Spaces.Room,475,2975000,4352,4352,0,0,0,0,0,1,0,sqr meter,2015-07-03T00:00:00Z,4,0,2016-10-27T13:17:27Z,21,self-contained
Spaces.Room,476,2961000,3000,3000,0,0,0,0,0,1,0,sqr meter,2011-08-16T00:00:00Z,2,0,2016-10-27T13:17:27Z,64,self-contained
Spaces.Room,477,2940000,5850,5850,0,0,0,1,0,1,0,sqr meter,2015-08-15T00:00:00Z,3,0,2016-10-27T13:17:27Z,3,single room
Spaces.Room,478,2940000,4960,4960,0,0,0,0,0,1,0,sqr meter,2015-09-29T00:00:00Z,2,0,2016-10-27T13:17:27Z,35,single room
Spaces.Room,479,2940000,3600,3600,0,0,0,0,0,1,0,sqr meter,2016-07-02T00:00:00Z,3,0,2016-10-27T13:17:27Z,11,single room
Spaces.Room,480,2940000,3660,3660,0,0,0,0,0,1,0,sqr meter,2015-10-29T00:00:00Z,4,0,2016-10-27T13:17:27Z,7,single room
Spaces.Room,481,2940000,3480,3480,0,0,0,0,0,1,0,sqr meter,2016-06-18T00:00:00Z,3,0,2016-10-27T13:17:27Z,50,single room
Spaces.Room,482,2940000,2700,2700,0,0,0,0,0,1,0,sqr meter,2015-11-23T00:00:00Z,2,0,2016-10-27T13:17:27Z,26,single room
Spaces.Room,483,2940000,3150,3150,0,0,0,0,0,1,0,sqr meter,2016-02-20T00:00:00Z,3,0,2016-10-27T13:17:27Z,71,boys quarter
Spaces.Room,484,2940000,6615,6615,0,0,0,0,0,1,0,sqr meter,2015-08-09T00:00:00Z,3,0,2016-10-27T13:17:27Z,28,self-contained
Spaces.Room,485,2870000,3040,3040,0,0,0,0,0,1,0,sqr meter,2012-09-16T00:00:00Z,2,0,2016-10-27T13:17:27Z,4,single room
Spaces.Room,486,2870000,3630,3630,0,0,0,0,0,1,0,sqr meter,2015-11-18T00:00:00Z,2,0,2016-10-27T13:17:27Z,69,self-contained
Spaces.Room,487,2870000,6000,6000,0,0,0,0,0,1,0,sqr meter,2011-10-14T00:00:00Z,2,0,2016-10-27T13:17:27Z,80,self-contained
Spaces.Room,488,2870000,5400,5400,0,0,0,0,0,1,0,sqr meter,2013-05-14T00:00:00Z,4,0,2016-10-27T13:17:27Z,8,boys quarter
Spaces.Room,489,2852500,5200,5200,0,0,0,0,0,1,0,sqr meter,2015-07-03T00:00:00Z,4,0,2016-10-27T13:17:27Z,42,boys quarter
Spaces.Room,490,2835000,3300,3300,0,0,0,0,0,1,0,sqr meter,2015-08-17T00:00:00Z,3,0,2016-10-27T13:17:27Z,23,boys quarter
Spaces.Room,491,2835000,4350,4350,0,0,0,0,1,1,1,sqr feet,2015-10-09T00:00:00Z,3,1,2016-10-27T13:17:27Z,63,self-contained
Spaces.Room,492,2835000,2640,2640,0,0,0,0,0,1,0,sqr meter,2015-08-17T00:00:00Z,2,0,2016-10-27T13:17:27Z,66,single room
Spaces.Room,493,2800000,2650,2650,0,0,0,1,0,1,0,sqr meter,2015-08-17T00:00:00Z,3,0,2016-10-27T13:17:27Z,28,boys quarter
Spaces.Room,494,2800000,3960,3960,0,0,0,0,0,1,0,sqr meter,2015-08-21T00:00:00Z,3,0,2016-10-27T13:17:27Z,47,single room
Spaces.Room,495,2730000,6800,6800,0,0,0,0,0,1,0,sqr meter,2016-01-02T00:00:00Z,2,0,2016-10-27T13:17:27Z,9,boys quarter
Spaces.Room,496,2730000,4000,4000,0,0,0,0,0,1,0,sqr meter,2015-07-14T00:00:00Z,3,0,2016-10-27T13:17:27Z,48,boys quarter
Spaces.Room,497,2695000,4000,4000,0,0,0,0,0,1,0,sqr meter,2015-08-13T00:00:00Z,2,0,2016-10-27T13:17:27Z,3,self-contained
Spaces.Room,498,2660000,3934,3934,0,0,0,0,0,1,0,sqr meter,2016-01-30T00:00:00Z,2,0,2016-10-27T13:17:27Z,20,boys quarter
Spaces.Room,499,2660000,2000,2000,0,0,0,0,0,1,0,sqr meter,2015-11-15T00:00:00Z,2,0,2016-10-27T13:17:27Z,87,self-contained
Spaces.Room,500,2660000,3630,3630,0,0,1,0,0,3,0,sqr meter,2013-05-08T00:00:00Z,3,0,2016-10-27T13:17:27Z,56,boys quarter
Spaces.Room,501,2660000,2800,2800,0,0,0,0,0,1,0,sqr meter,2011-10-27T00:00:00Z,3,0,2016-10-27T13:17:27Z,57,boys quarter
Spaces.Room,502,2660000,2430,2430,0,0,0,0,0,1,0,sqr meter,2011-11-16T00:00:00Z,3,0,2016-10-27T13:17:27Z,10,boys quarter
Spaces.Room,503,2660000,3480,3480,0,0,0,0,0,1,0,sqr meter,2016-01-25T00:00:00Z,2,0,2016-10-27T13:17:27Z,38,self-contained
Spaces.Room,504,2660000,4000,4000,0,0,0,0,0,1,0,sqr meter,2016-07-13T00:00:00Z,3,0,2016-10-27T13:17:27Z,69,self-contained
Spaces.Room,505,2653000,3185,3185,0,1,0,0,0,1,0,sqr meter,2016-05-13T00:00:00Z,2,0,2016-10-27T13:17:27Z,23,boys quarter
Spaces.Room,506,2653000,4000,4000,0,1,0,0,0,1,0,sqr meter,2016-01-08T00:00:00Z,3,0,2016-10-27T13:17:27Z,18,boys quarter
Spaces.Room,507,2604000,2910,2910,0,0,0,0,0,1,0,sqr meter,2015-08-03T00:00:00Z,2,0,2016-10-27T13:17:27Z,88,self-contained
Spaces.Room,508,2590000,3600,3600,0,0,0,0,0,1,0,sqr meter,2011-03-15T00:00:00Z,2,0,2016-10-27T13:17:27Z,55,self-contained
Spaces.Room,509,2590000,4400,4400,0,0,0,0,0,1,0,sqr meter,2016-06-06T00:00:00Z,2,0,2016-10-27T13:17:27Z,43,boys quarter
Spaces.Room,510,2590000,3600,3600,0,0,0,1,0,2,0,sqr meter,2015-07-14T00:00:00Z,2,0,2016-10-27T13:17:27Z,15,self-contained
Spaces.Room,511,2520000,2880,2880,0,0,0,0,0,1,0,sqr meter,2016-07-28T00:00:00Z,3,0,2016-10-27T13:17:27Z,62,self-contained
Spaces.Room,512,2520000,3180,3180,0,0,0,0,0,1,0,sqr meter,2014-07-25T00:00:00Z,3,0,2016-10-27T13:17:27Z,88,self-contained
Spaces.Room,513,2520000,3000,3000,0,0,0,0,0,1,0,sqr meter,2016-12-09T00:00:00Z,2,0,2016-10-27T13:17:27Z,35,boys quarter
Spaces.Room,514,2485000,4400,4400,0,0,0,0,0,1,0,sqr meter,2014-09-13T00:00:00Z,3,0,2016-10-27T13:17:27Z,53,self-contained
Spaces.Room,515,2485000,3000,3000,0,0,0,0,0,1,0,sqr meter,2014-08-22T00:00:00Z,3,0,2016-10-27T13:17:27Z,73,boys quarter
Spaces.Room,516,2450000,3210,3210,0,0,0,1,0,1,0,sqr meter,2012-09-03T00:00:00Z,3,0,2016-10-27T13:17:27Z,59,self-contained
Spaces.Room,517,2450000,3240,3240,0,0,1,0,0,1,0,sqr meter,2016-07-11T00:00:00Z,2,0,2016-10-27T13:17:27Z,92,boys quarter
Spaces.Room,518,2450000,3000,3000,0,0,0,0,0,1,0,sqr meter,2011-10-02T00:00:00Z,2,0,2016-10-27T13:17:27Z,1,boys quarter
Spaces.Room,519,2450000,3500,3500,0,0,1,0,0,1,0,sqr meter,2014-08-28T00:00:00Z,2,0,2016-10-27T13:17:27Z,71,single room
Spaces.Room,520,2450000,4840,4840,0,0,0,0,0,1,0,sqr meter,2015-10-01T00:00:00Z,2,0,2016-10-27T13:17:27Z,15,self-contained
Spaces.Room,521,2450000,7700,7700,0,0,0,0,0,1,0,sqr meter,2016-08-09T00:00:00Z,2,0,2016-10-27T13:17:27Z,29,self-contained
Spaces.Room,522,2408000,3635,3635,0,0,0,0,0,1,0,sqr meter,2013-08-29T00:00:00Z,2,0,2016-10-27T13:17:27Z,88,single room
Spaces.Room,523,2380000,2475,2475,0,0,0,0,0,1,0,sqr meter,2012-12-31T00:00:00Z,3,0,2016-10-27T13:17:27Z,25,single room
Spaces.Room,524,2380000,2787,2787,0,0,0,0,0,2,0,sqr meter,2013-11-13T00:00:00Z,4,0,2016-10-27T13:17:27Z,87,self-contained
Spaces.Room,525,2380000,3264,3264,0,0,0,0,0,1,0,sqr meter,2015-01-21T00:00:00Z,2,0,2016-10-27T13:17:27Z,48,single room
Spaces.Room,526,2345000,3640,3640,0,0,0,0,0,1,0,sqr meter,2015-03-03T00:00:00Z,2,0,2016-10-27T13:17:27Z,95,single room
Spaces.Room,527,2310000,3180,3180,0,0,0,0,0,1,0,sqr meter,2014-10-12T00:00:00Z,2,0,2016-10-27T13:17:27Z,56,self-contained
Spaces.Room,528,2275000,1836,1836,0,0,0,1,0,1,0,sqr meter,2017-03-29T00:00:00Z,2,0,2016-10-27T13:17:27Z,52,single room
Spaces.Room,529,2275000,3970,3970,0,0,0,0,0,1,0,sqr meter,2015-08-08T00:00:00Z,1,0,2016-10-27T13:17:27Z,84,boys quarter
Spaces.Room,530,2275000,3970,3970,0,0,0,1,0,1,0,sqr meter,2015-06-08T00:00:00Z,3,0,2016-10-27T13:17:27Z,101,boys quarter
Spaces.Room,531,2240000,1950,1950,0,0,0,0,1,1,1,sqr feet,2013-10-22T00:00:00Z,3,1,2016-10-27T13:17:27Z,4,boys quarter
Spaces.Room,532,2233000,5300,5300,1,1,0,0,0,1,0,sqr meter,2011-05-09T00:00:00Z,3,0,2016-10-27T13:17:27Z,49,single room
Spaces.Room,533,2135000,3000,3000,0,0,0,0,0,1,0,sqr meter,2015-09-13T00:00:00Z,2,0,2016-10-27T13:17:27Z,51,single room
Spaces.Room,534,2100000,2400,2400,0,0,0,0,0,1,0,sqr meter,2011-05-15T00:00:00Z,3,0,2016-10-27T13:17:27Z,97,self-contained
Spaces.Room,535,2100000,3000,3000,0,0,0,0,0,1,0,sqr meter,2016-06-16T00:00:00Z,4,0,2016-10-27T13:17:27Z,26,boys quarter
Spaces.Room,536,2100000,3360,3360,0,0,0,0,0,1,0,sqr meter,2015-08-25T00:00:00Z,2,0,2016-10-27T13:17:27Z,40,self-contained
Spaces.Room,537,1960000,3420,3420,0,0,0,0,0,1,0,sqr meter,2015-08-02T00:00:00Z,5,0,2016-10-27T13:17:27Z,41,self-contained
Spaces.Room,538,1890000,1700,1700,0,0,0,0,0,1,0,sqr meter,2016-03-01T00:00:00Z,3,0,2016-10-27T13:17:27Z,34,single room
Spaces.Room,539,1890000,3649,3649,0,0,0,0,0,1,0,sqr meter,2011-03-14T00:00:00Z,2,0,2016-10-27T13:17:27Z,85,self-contained
Spaces.Room,540,1855000,2990,2990,0,0,0,0,0,1,0,sqr meter,2014-08-27T00:00:00Z,2,0,2016-10-27T13:17:27Z,75,single room
Spaces.Room,541,1820000,3000,3000,0,0,0,1,0,1,0,sqr meter,2015-08-01T00:00:00Z,2,0,2016-10-27T13:17:27Z,41,self-contained
Spaces.Room,542,1767150,2400,2400,0,0,0,0,0,1,0,sqr meter,2015-09-22T00:00:00Z,3,0,2016-10-27T13:17:27Z,72,single room
Spaces.Room,543,1750000,3620,3620,0,0,0,0,0,1,0,sqr meter,2015-08-19T00:00:00Z,2,0,2016-10-27T13:17:27Z,9,self-contained
Spaces.Room,544,1750000,2910,2910,0,0,0,0,0,1,0,sqr meter,2015-07-06T00:00:00Z,3,0,2016-10-27T13:17:27Z,37,self-contained
Spaces.Room,545,1750000,3850,3850,0,0,0,0,0,1,0,sqr meter,2015-10-23T00:00:00Z,3,0,2016-10-27T13:17:27Z,14,self-contained
